Construction,건축-006 상업시설현장 차량 탑재형 고소작업대 전도사고 공사명 동 근린생활시설 신축공사 사고일시 2017년 8월 29일 화 10 15분경 기상상태 맑음 소재지 강원도 원주시 사고 종류 넘어짐 전도 구조물 손실\n- 인적피해 부상 2명 안전관리계획서 장비 손실 스카이 해당 해당없음 수립 대상 여부\n3 사고원인 스카이장비의 아웃트리거를 지지력이 충분히 확보되지 않은 조경구간 지반 비다짐구간 에 설치한 상태로 고소작업을 실시하던 중 아웃트리거를 지지하는 위치의 지반침하로 전도사고 발생 추정\n사업주는 이동식 크레인을 사용하여 작업을 하는 경우 이동식 크레인 명세서에 적혀 있는 지브의 경사각 인양하중이 3톤 미만인 이동식 크레인의 경우에는 제조한 자가 지정한 지브의 경사각 의 범위 내에서 사용하도록 하여야 한다\n177사고현장 사고현장 위치도 차량탑재형 고소작업대 전도 현황 178
Construction,2016년 16-001 호선 역 복선전철 환승통로 상부 지반침하 공사명 선 간 신설공사 제1-1A공구 사고일시 2016년 01월 02일 토 03 30분경 기상상태 맑음 소재지 서울시 용산구 용문동 사고 종류 침하 구조물 손실 인적피해 인명피해 없음 안전관리계획서 장비 손실\no 공사종류 철도터널\n사고원인\n10mm 이내의 오차를 유지할 수 있는 수직침하계 또는 수준 측량 등으로 측정하며 터널 내에서의 천단침하 측정과 동일한 수준점을 사용하여 측정결과의 상호 비교가 가능하도록 하여야 한다\no 계측결과는 측정일자 경과일수 막장면 굴진면 이격거리 상반 하반 구분 초기치 금회 측정치 누계 측정치를 정해진 양식에 계측 항목별로 별도로 정리하여야 하고 시간 경과일수 -계측치 와 막장면 이격거리-계측치 를 그래프로 표시하여 계측치의 변화경향을 신속히 파악할 수 있도록 하여야 한다\n- 116 -사고 사진 사고현장 침하구간 보수
Construction,15-030 지구 복합시설 신축공사 데크슬래브 붕괴사고 공사명 지구 B4-3BL 신축공사 사고일시 2015년 12월 25일 금 19 10분경 기상상태 맑음 소재지 서울시 강서구 마곡동 사고 종류 붕괴 구조물 손실 데크슬래브 인적피해 경상 7명 안전관리계획서 장비 손실\n사고원인\no 현장 정밀조사 곤란으로 정확한 직접원인의 근거는 확인하지 못하였음 12 17일 사고부위에 대한 감리 용접부 검측 확인\no 담당원은 가설작업 부재이음 용접방법 가설 후 응력계측 품질검사 및 시험요령 등에 대한 작업절차서를 작성해야 한다\no 데크구조 슬래브에서는 데크플레이트의 면내 전단력이 크지 않기 때문에 바닥 브레이싱을 설치하는 등의 조치가 필요하다
Construction,토목-001 의료지구 통로BOX 추진공사현장 토사 붕괴사고 공사명 경제자유구역 의료지구 조성공사 사고일시 2017년 2월 11일 토 9 20분경 기상상태 맑음 소재지 대구시 수성구 사고 종류 무너짐 붕괴\n도괴 구조물 손실\n- 인적피해 사망 1명 안전관리계획서 장비 손실\n1 공사개요 공사종류 지하차도 규모 면적 1 227 월드컵로 횡단 BOX\n3 사고원인 시공 부적정\n재발방지대책 도갱 지보공 입구에 이동식 가설지붕 등을 설치하여 상부의 부석 및 낙석 발생 시 안전이 확보 되도록 한다\n건설사고 사례집사고현장 사고현장 위치도 F J공법 개요도 제3장 현장조사 사례
Construction,15-021 가스배관 굴착비탈면 붕괴사고 공사명 번지 본관 및 공급관공사 사고일시 2015년 11월 18일 수 17 14분경 기상상태 비 소재지 충남 아산시 탕정면 사고 종류 붕괴 구조물 손실\n- 인적피해 사망 1명 안전관리계획서 장비 손실\no 중부도시가스의 가스관 매설을 위해 시공사 소속 근로자가 굴착면 바닥 정리를 하던 중 우측 굴착 비탈면 높이 약 25 30m 이 붕괴되어 근로 사고개요 자 1명이 매몰되어 사망\n사고원인\no 토사 붕괴의 발생을 예방하기 위하여 다음 사항을 점거하여야 하며 점검시기는 작업 전 중 후 비온 후 인접 작업구역에서 발파한 경우에 실시하여야 한다
Construction,건축-005 신축공사장 거푸집 전도사고 공사명 - 공장 신축공사 사고일시 2018년 6월 21일 목 11 20분경 기상상태 맑음 소재지 경기도 부천시 사고 종류 넘어짐 전도 구조물 손실 거푸집 인적피해 부상 1명 안전관리계획서 장비 손실\n- 해당 해당없음 수립 대상 여부\n3 사고원인 건축물의 외벽 거푸집 높이 65m 연장 38m 설치완료 후 후속작업을 위한 내부비계를 설치 하는 과정에서 기 설치된 거푸집 서포트 45m 간격 로 인한 작업공간이 협소한 이유로 임의 해체함으로써 외벽 거푸집이 전도된 것으로 추정
Construction,플랜트-003 물류센터 건설현장 창고 슬래브 붕괴사고 공사명 통합물류센터 신축공사 사고일시 2019년 6월 25일 화 14 40분경 기상상태 맑음 소재지 경상남도 창원시 사고 종류 붕괴 구조물 손실 슬래브 보 및 기둥 등 인적피해 부상 8명 안전관리계획서 장비 손실\n3 사고원인 설계변경 후 안전관리계획서 미승인 시공 PC공법 NRC공법 구조계산서상 잭서포트의 허용력이 작용하중보다 다소 작게 분석되었음에도 작업 승인 판정 잭서포트 좌굴현상에 대한 구조검토 611 가 이루어졌으나 좌굴을 방지하기 위한 수평 보강재 연결 시공상세도 없음 보를 지지하는 잭서포트의 길이 약11m 가 긴 것과 서포트간 수평보강이 불충분하며 가새를 설치하지 않음 상기 원인들로 인해 콘크리트 타설 중 잭서포트가 하중을 버티지 못하고 좌굴되면서 붕괴되었을 것으로 추정\n건설공사 시공상세도 작성지침 에 따라 각 공종별 형식별 세부사항들이 표현되도록 상세하게 작성하여야 한다
Construction,15-014 복합건물 신축공사 타워크레인 전도사고 공사명 동 복합건물 신축공사 사고일시 2015년 09월 16일 수 14 30분경 기상상태 맑음 소재지 인천시 부평구 부평동 사고 종류 전도 구조물 손실\n- 인적피해 중상 1명 경상 2명 안전관리계획서 장비 손실 타워크레인 이동식크레인 해당 해당없음 수립 대상 여부\n사고원인\no 타워크레인의 붕괴원인은 타워크레인 기초 콘크리트 블록 가 지반에 충분히 고정되지 못하여 편하중에 의해 붕괴가 발생된 것으로 추정
Construction,건축-001 청소년수련원 신축공사현장 외부비계 붕괴사고 공사명 청소년 수련원 건축공사 사고일시 2017년 1월 3일 화 9 46분경 기상상태 맑음 소재지 제주도 서귀포시 사고 종류 넘어짐 전도 구조물 손실 외부비계 인적피해 부상 3명 안전관리계획서 장비 손실\n1 공사개요 용도 청소년 수련시설 연면적 9 471 규모 지하 1층 지상 2층 공사기간 201512 201612\n3 사고원인 외벽 도장공사를 위해 설치한 가설 외부비계의 고정대 벽연결재 일부를 제거한 상태에서 외벽석재를 적치해 둔 돌붙이기 공사용 쌍줄비계 작업발판이 하중으로 작용하여 외부비계가 아래 그림의 A구간에서부터 순차적으로 전도\n비계 및 작업 발판은 공종별 시공계획서 및 시공상세도에 따라 설치하여야 한다
Construction,건축-012 업무시설 철거현장 붕괴사고 공사명 동 업무시설 신축공사중 철거공사 사고일시 2019년 12월 1일 일 09 40분경 기상상태 흐림 소재지 경기도 과천시 사고 종류 무너짐 붕괴\n도괴 구조물 손실\n- 인적피해 부상 2명 안전관리계획서 장비 손실\n2 사고경위 지하1층 흙막이 공사 완료 후 바닥 토사정리 청소 작업 중 천장슬래브 철거대상 가 붕괴되면서 작업자 4명중 2명 매몰\n3 사고원인 흙막이 벽체시공으로 기존 지하1층의 상부슬래브 및 벽체가 구조적으로 단절된 상태에서 상부 슬래브를 지지했던 보강재 강재 서포트 를 조기에 제거하고 잔재 토사 를 정리하던 중 상부슬래브가 붕괴된 것으로 추정\n재발방지대책 해체공사 착수 전 시공사가 안전관리계획을 수립하여 발주청 및 인\n157사고현장 사고현장 위치도 사고현장 개요 사진 158
Construction,플랜트-001 종합타운 조성현장 데크플레이트 붕괴사고 공사명 경북 권 환경에너지 종합타운조성 민간투자사업 사고일시 2019년 3월 18일 월 12 41분경 기상상태 맑음 소재지 경상북도 안동시 사고 종류 붕괴 구조물 손실 데크플레이트 인적피해 사망 3명 안전관리계획서 장비 손실\n- 해당 해당없음 수립 대상 여부\n3 사고원인 콘크리트를 타설하게 되는 데크플레이트와 이를 지지하는 RC보의 접합부에 대한 구조검토 및 상세도면의 누락 시공시 현장에서 데크플레이트와 RC보 접합부를 임의 시공 데크플레이트 거치대를 각목이 지지 함으로써 콘크리트 타설 과정에 하중을 견디지 못하고 붕괴됨\n재발방지대책 구축물의 자중 적재하중 진동 및 충격 등에 의하여 무너지는 사고를 예방하기 위해서는 설계도서 및 건설공사 시방서에 따라 시공하였는지
Construction,15-010 초등학교 내림시공 벽체 붕괴사고 공사명 초등학교 급식소 및 강당 개축공사 사고일시 2015년 06월 02일 화 13 40분경 기상상태 구름조금 소재지 경북 영천시 조앙길 사고 종류 붕괴 구조물 손실 슬래브 인적피해 경상 3명 안전관리계획서 장비 손실\n사고원인\no 상부 슬래브 콘크리트 타설 시 내림시공 벽체 18m 거푸집을 고정하기 위한 당김줄이 한편으로만 설치되어 편심발생 예상\no 거푸집 및 동바리의 각 단위 공정별 안전시공 절차 및 주의사항 거푸집 동바리 조립 해체계획 콘크리트 타설계획을 고려한다
Construction,건축-010 타워 리모델링현장 건축부속물 전도사고 공사명 제주시 타워 5층 피트니스센터 리모델링 공사 사고일시 2019년 7월 10일 수 09 58분경 기상상태 비 소재지 제주특별자치시 사고 종류 무너짐 붕괴\n도괴 구조물 손실\n- 인적피해 사망 1명 안전관리계획서 장비 손실\n3 사고원인 자립식 블록벽체 샤워부스 를 철거하던 중 진동과 충격에 의하여 약 2m 높이의 벽체 8인치 블록 하단부가 파단되면서 벽체 상부가 전도된 것으로 추정됨\n재발방지대책 해체공사 착수 전 시공사가 안전관리계획을 수립하여 발주청 및 인
Construction,건축-011 공장 옥탑 슬래브 천공작업 중 추락사고 공사명 면 리 공장 건설공사 사고일시 2019년 10월 16일 수 09 29분경 기상상태 맑음 소재지 인천시 강화군 사고 종류 추락 구조물 손실\n- 인적피해 사망 1명 안전관리계획서 장비 손실\n3 사고원인 합성슬래브의 철근콘크리트 부위를 파쇄할 때 발생한 반복적인 진동으로 용접 접합부 철골보 데크플레이트 가 탈락되면서 데크플레이트가 콘크리트 파쇄물과 작업자의 하중을 이기지 못해 접합부 철골보 데크플레이트 데크플레이크간 가 벌어진 것으로 추정\n재발방지대책 해체공사 착수 전 시공사가 안전관리계획을 수립하여 발주청 및 인
Construction,15-008 펜션 신축공사현장 옹벽 붕괴사고 공사명 단독 다가구 주택 신축공사 사고일시 2015년 05월 15일 금 10 50분경 기상상태 맑음 소재지 경북 영덕군 강구면 사고 종류 붕괴 구조물 손상 보강토옹벽 인적피해 사망 1명 부상 2명 안전관리계획서 장비 손실 굴삭기 2대 해당 해당없음 수립 대상 여부\no 규모 높이 38m 길이 16m 블록규격 500\n사고원인
Construction,15-026 문화센터 주무대 설치 중 철골구조물 전도사고 공사명 문화센터 신축공사 사고일시 2015년 12월 03일 목 14 40분경 기상상태 흐림 소재지 경남 김해시 율하동 사고 종류 붕괴 구조물 손실\n- 인적피해 사망 2명 부상 6명 안전관리계획서 장비 손실\n- 해당 해당없음 수립 대상 여부\no 4층 규모 건축물로서 철골 주기둥 8개 설치 후 3층 높이의 철골작업 중 가조립상태 높이 25m 서쪽에 위치하고 있던 이동식크레인의 반대편인 동쪽방향으로 철골구조물 전체가 1차적으로 전도되면서 인양 작업 중이던 사고개요 이동식크레인이 2차적으로 전도되어 동쪽에서 작업을 하던 콘크리트공 작업자 2명 사망 6명 중상2명 부상\n사고원인\no 강구조물의 조립 시 드리프트핀을 조임 부위마다 4개 이상 사용하고 볼트 대책 구멍의 이상여부를 확인한 후 소요 고장력 볼트 수의 1 2 이상의 가조립 볼트를 사용하고 본 볼트를 조임 시 볼트의 움직임을 확인한 후 본 볼트 조임에 들어간다
Construction,건축-002 공원 숙박시설 건설현장 슬래브 붕괴사고 공사명 공원 조성사업 신축공사 A지구 사고일시 2017년 01월 20일 수 16 38분경 기상상태 맑음 소재지 제주도 서귀포시 사고 종류 무너짐 붕괴\n도괴 구조물 손실 슬래브 인적피해 부상 8명 안전관리계획서 장비 손실\n사고개요\n3 사고원인 구조안전성 보완 검토 미비\n- RC보 측면거푸집 파손
Construction,15-020 동 오피스텔 외벽 강관비계 붕괴사고 공사명 동 공동주택 및 오피스텔 신축공사 사고일시 2015년 11월 13일 금 21 48분경 기상상태 비 소재지 인천시 남동구 구월동 사고 종류 파단 구조물 손실\n- 안전관리계획서 장비 손실\no 공사종류 업무시설 공동주택 및 오피스텔\n사고원인\no 비계 조립 및 해체작업을 하는 근로자는 산업안전보건법 제47조 및 유해 위험작업의 취업 제한에 관한 규칙에 의하여 기능습득교육을 받은 자 또는 동등 이상의 자격을 갖춘 자이어야 한다\no 비계 및 작업 발판은 공사의 종류 규모 장소 등에 따라 적합한 재료 및 방법으로 견고하게 설치하고 유지관리에 주의하여야 한다
Construction,건축-002 다세대주택 신축현장 가설흙막이 붕괴사고 공사명 - 번지 도시형생활주택 신축공사 사고일시 2018년 9월 6일 목 23 22분경 기상상태 흐림 소재지 서울시 동작구 사고 종류 무너짐 붕괴\n도괴 구조물 손실 흙막이 인적피해\n- 안전관리계획서 장비 손실\n- 해당 해당없음 수립 대상 여부\n3 사고원인 사고당시 지속된 강우에 의한 지반 연약화 및 주변지반 특성이 충분히 반영되지 않은 가설 흙막이 설계\n재발방지대책 토질조건 흙막이구조 굴착규모 굴착방법 지하매설물의 유무 본 구조의 시공법 인접 구조물 등과의 관련을 고려하여 공정의 각 단계에서 충분한 안정성이 확보될 수 있는 흙막이 구조체의 시공계획을 수립하여야 한다
Construction,건축-005 물류센터 외벽 붕괴사고 공사명 물류센터 신축공사 사고일시 2017년 10월 23일 월 10 30분경 기상상태 맑음 소재지 경기도 용인시 사고 종류 무너짐 붕괴\n도괴 구조물 손실 옹벽구조물 H 313m L 100m 인적피해 사망 1명 부상 5명 안전관리계획서 장비 손실\n사고개요\n2 사고경위 인접대지에 기 설치된 흙막이 가시설의 어스앵커 115 19m 를 제거하기 위해 2단 가시설의 4단 띠장 해체작업을 실시하던 중 가설 흙막이 연장 120m 높이 43 19m 및 옹벽 높이 313m 연장 90m 폭 03 06m 이 붕괴되어 인근에서 작업 중이던 근로자 1명 사망 5명 부상 중상1 경상4 발생\n3 사고원인 당초 흙막이 가시설 해체 및 어스앵커 제거는 배면토사의 하중 및 토압을 건축구조물 PC구조 완료 슬래브 타설 등 이후 건축물 벽체로 지지할 계획이었으나 건축물 PC구조 설치 완료 전 해당구간의 단독벽체만 우선 시공한 상태에서 가시설물을 해체함에 따라 배면 토사의 하중 및 토압을 지지하지 못하고 건축물 벽체와 함께 붕괴된 것으로 추정\n사고원인분석\n1 직접적인 사고원인 붕괴구간은 암반불연속면 방향이 흙막이가 배면토압을 지지하는데 불리한 방향으로 형성되어 있고 연속된 불연속면은 낮은 전단강도의 충전물이 협재되어 있던 것으로 확인되었으며 붕괴 약 10일전의 강우에 의한 침투수의 영향도 배면지반의 지지저항 약화에 기여한 것으로 분석 배면지반의 불연속면이 불안정상태에 있었고 흙막이 부재가 허용한도를 초과한 것으로 추정 흙막이 붕괴가 넓은 범위로 확대된 이유는 안정성이 상대적으로 취약한 1열 띠장으로 설계되었고 흙막이 벽체에 평행한 암반 불연속면이 전 흙막이 구간에 걸쳐 연속되어 분포한 특성 때문임 제3장 현장조사 사례\n2 간접적인 사고원인 흙막이 배면에 비우호적 지반구조가 광범위하고 뚜렷하게 분포하였음에도 규격미달의 시추조사 설계 지반조사 시 흙막이와 시추 위치 이격 시료시험 미시행 등 지반조사가 지질구조 리스크의 사전 인지에 기여하지 못함 사업부지에 대하여 대규모 대심도 흙막이 해체공사가 진행되었음에도 흙막이 PC구조 등에 대한 안정성 검토 등의 절차가 없었음 시공 중 이상 징후를 예측하기 위한 계측은 주 단위 빈도로 진행되어 급격히 발생한 붕괴징후를 포착하지 못함 외벽 을 옹벽 으로 인식하는 등 현장의 기술적 이해와 소통 부족 감리활동과 관련하여 토목공정 중에 토목감리원을 현장에 배치하지 않아 관련 전문기술 검토 검측활동 등이 적절하게 이루어지지 못함 다\n지하2층
Construction,건축-008 업무시설 철거현장 붕괴사고 공사명 동 - 외 1필지 철거공사 사고일시 2019년 7월 4일 목 14 23분경 기상상태 맑음 소재지 서울시 서초구 사고 종류 무너짐 붕괴\n도괴 구조물 손실\n- 인적피해 사망 1명 부상 3명 안전관리계획서 장비 손실\n2 사고경위 철거중인 건물이 도로측으로 붕괴되면서 운행하던 차량 3대가 매몰됨 3 사고원인 철거공사를 시작하며 5층은 계획서대로 동바리를 지지한 상태에서 철거하였으나 4층 이하는 지상에서 굴삭기를 이용하여 철거\n구조물 해체 공사 전에 설계도면 구조 계산서 시방서 공사비 내역서 현장 설명서 등을 포함한 설계도서를 필히 작성하여 담당직원에게 승인을 받아야 한다
Construction,15-005 신도시 아파트 신축공사현장 펌프카 아웃트리거 침하사고 공사명 신도시 관동동 지역주택조합 아파트 신축공사 사고일시 2015년 04월 16일 목 09 45분경 기상상태 흐림 소재지 경남 김해시 관동로 사고 종류 침하 구조물 손실\n- 인적피해 사망 1명 안전관리계획서 장비 손실 펌프카 해당 해당없음 수립 대상 여부\no 주차장 콘크리트 타설을 위하여 펌프카를 설치하던 중 펌프카의 아웃트리거를 사고개요 거치한 침하방지목의 파손으로 아웃트리거가 침하되면서 붐대에 가격되어 근로자 사망\n사고원인\no 각부나 가대가 미끄러질 우려가 있는 경우에는 말뚝 또는 쐐기 등을 사용하여 대책 각부나 가대를 고정시킬 것
Construction,건축-004 아파트 신축공사현장 이동식크레인 전도사고 공사명 남문 -블럭 란트 공동주택 신축공사 사고일시 2017년 7월 25일 화 10 15분경 기상상태 흐림 소재지 경상남도 창원시 사고 종류 넘어짐 전도 구조물 손실 거푸집 인적피해 부상 1명 안전관리계획서 장비 손실 이동식크레인 해당 해당없음 수립 대상 여부\n3 사고원인 전도된 이동식 크레인은 작업범위 거치 이격거리 가 8m인 경우에 78톤까지 인양이 가능하나 작업범위 8m 내에서 PC보 약58톤 를 인상한 후 무리하게 거치위치 크레인에서 이격거리를 13m 까지 빔을 이동함에 따라 인양하중 13m 이격 시 21 30톤 초과로 크레인이 전도된 것으로 추정\n사업주는 이동식 크레인을 사용하는 경우에 그 이동식 크레인의 구조 부분을 구성하는 강재 등이 변형되거나 부러지는 일 등을 방지하기 위하여 해당 이동식 크레인의 설계기준 제조자가 제공하는 사용설명서 과 사용절차를 준수하여야 한다\n사업주는 이동식 크레인을 사용하여 작업을 하는 경우 이동식 크레인 명세서에 적혀 있는 지브의 경사각 인양하중이 3톤 미만인 이동식 크레인의 경우에는 제조한 자가 지정한 지브의 경사각 의 범위 내에서 사용하도록 하여야 한다
Construction,토목-001 교 건설현장 벽체 수직철근 전도사고 공사명 교 위험교량 개축사업 사고일시 2018년 1월 17일 수 9 29분경 기상상태 흐림 소재지 전라남도 영광군 사고 종류 넘어짐 전도 구조물 손실\n- 인적피해 사망 2명 부상 2명 안전관리계획서 장비 손실\n2 사고경위 시점측 교대 기초 상면의 철근 조립 작업 중 벽체 철근이 일시에 전도됨에 따라 철근조립공 4명 중 2명이 매몰되어 사망\n3 사고원인 철근 전도에 대비한 철근 고정장치에 대한 조치가 미흡한 상태에서 기 조립된 수직철근의 수직도가 불량한 것을 조절하는 작업과정 중 철근이 작업자 쪽으로 전도됨\n수직철근의 전도에 대비한 철근 고정장치 미설치 등 안전조치 없이 작업 시행
Construction,16-013 순환 터널 막장 지표관통 붕괴사고 공사명 순환 고속도로 민간투자사업 1-2공구 사고일시 2016년 03월 28일 월 12 20분경 기상상태 맑음 소재지 인천시 동구 송현동 사고 종류 붕괴 구조물 손실\n- 인적피해 인명피해 없음 안전관리계획서 장비 손실\no 터널 암 연암 파쇄대 통과구간 발파 후 장비 브렉카 를 이용한 미굴 정리 작업 중 막장 천정상부의 파쇄암 및 토사가 붕괴되어 쏟아져 지표면까지 관통 관통길이 약 35m 되어 지반에 싱크홀이 발생\n사고원인\no 일부구간에서 파쇄대가 존재하고 있으며 락볼트 R B 부위 4 540 546 549 552 등의 R B 시공부위 18공 에서 지하수 유출이 계속되고 있음에도 적정한 대응 및 후면부 계측을 충실히 실시하지 않은 상태에서 굴착작업을 진행하다가 막장면이 상부 토압을 견디지 못하고 붕괴된 것으로 추정\no 계측결과는 측정일자 경과일수 막장면 굴진면 이격거리 상반 하반 구분 초기치 금회 측정치 누계 측정치를 정해진 양식에 계측 항목별로 별도로 정리하여야 하고 시간 경과일수 -계측치 와 막장면 이격거리-계측치 를 그래프로 표시하여 계측치의 변화경향을 신속히 파악할 수 있도록 하여야 한다\n- 159 -사고현장 사고현장 위치도 사고 사진 사고현장 터널 현황도
Construction,건축-006 공장 신축현장 안전난간 용접 중 추락사고 공사명 면 리 공장 건설공사 사고일시 2019년 9월 24일 화 09 33분경 기상상태 맑음 소재지 충청북도 진천군 사고 종류 기타 추락 구조물 손실\n- 인적피해 사망 2명 안전관리계획서 장비 손실\n2 사고경위 작업자가 지상2층 바닥 H-Beam위에서 안전난간을 용접\n3 사고원인 고소작업 중 안전로프 등 안전가시설 미설치 작업자의 안전고리 미체결 등에 따른 작업현장 안전관련 규정을 준수하지 않음\n재발방지대책 사업주는 근로자가 추락하거나 넘어질 위험이 있는 장소 작업발판의 끝\n선박블록 등에서 작업을 실시해야 하는 경우에 근로자의 안전을 도모하기 위하여 비계 비계 를 조립하는 등의 방법으로 작업발판을 설치하여야 한다
Construction,건축-007 근린생활시설 신축공사현장 건물 기울어짐 사고 공사명 누하동 번지 근린생활시설 신축공사 사고일시 2019년 12월 12일 목 09 15분경 기상상태 맑음 소재지 서울시 종로구 사고 종류 기타 구조물 손실\n- 인적피해\n- 안전관리계획서 장비 손실\n3 사고원인 금번 사고는 탑다운 형식의 굴착 특허공법을 적용하여 선 시공된 구조물을 지하 굴착면까지 내리는 과정에 구조물 바닥슬래브와 결속된 일부 유압잭 6번 의 지지철물 파단으로 구조물이 기울어진 사고로서 유압잭과 결속된 지지철물에 대한 안전성 검토가 미흡했던 것으로 추정됨\n재발방지대책 사업주는 근로자의 위험을 방지하기 위하여 해당 작업 작업장의 지형
Construction,건축-007 재건축 건물 철거현장 붕괴사고 공사명 번지 지구단위계획부지 사고일시 2018년 6월 16일 토 9 26분경 기상상태 맑음 소재지 서울시 동작구 사고 종류 무너짐 붕괴\n도괴 구조물 손실 슬래브 및 벽체 인적피해 부상 1명 안전관리계획서 장비 손실\n2 사고경위 옥탑 및 5층 일부를 철거 후 건축물 후면에서 백호로 4층 슬래브 거더 및 보 철거작업 중 4층 슬래브 및 벽체일부가 하부로 붕괴되면서 일부 붕괴 잔재물이 도로측 방향으로 흘러내려 안전 가림막과 비계하부가 파손되고 주변 행인 1명이 경미한 부상을 입음\n3 사고원인 기 철거된 잔재물이 건축물 4층 슬래브에 쌓여 외벽과 기둥에 횡하중으로 작용함으로써 철거 대상 건축물의 허용하중을 초과하여 붕괴된 것으로 추정\n재발방지대책 구조물 해체공사 전에 설계 도면 구조 계산서 시방서 공사비 내역서 현장 설명서 등을 포함한 설계도서를 필히 작성하여 담당직원에게 승인을 받아야 한다
Construction,건축-011 오피스텔 신축현장 이동식크레인 전도사고 공사명 럭스나인 신축공사 사고일시 2018년 3월 16일 금 14 00분경 기상상태 맑음 소재지 경기도 용인시 사고 종류 넘어짐 전도 구조물 손실\n- 안전관리계획서 장비 손실 이동식크레인 해당 해당없음 수립 대상 여부\n3 사고원인 H-Beam 14m 47톤 을 양중하여 철골기둥 조립을 위해 붐대 선회시 크레인 기사의 운전미숙 으로 적정 회전 선회 속도보다 빠르게 조작하여 발생된 장력이 반동으로 작용되어 전도사고가 발생된 것으로 추정\n재발방지대책 크레인의 선회조작은 운반 중에 인양물이 흔들리기 쉽기 때문에 천천히 조작하여야 한다
Construction,토목-002 철도 건설현장 풍도슬래브 붕괴사고 공사명 - 철도건설 제 공구 노반신설 기타공사 사고일시 2017년 6월 1일 목 20 17분경 기상상태 맑음 소재지 강원도 평창군 사고 종류 무너짐 붕괴\n도괴 구조물 손실 PC구조물 인적피해 사망 1명 부상 3명 안전관리계획서 장비 손실\n3 사고원인 밸런스빔으로 PC구조물을 인양하여 정해진 위치에 거치시킨 후 밸런스빔을 제거하기 위해 1차 실링바 제거 2차 PC구조물을 잡고 있는 집게 4개중 1개를 제거하였을 때 편심 발생으로 PC 구조물이 균형을 잃고 낙하하여 붕괴 밸런스빔의 집게는 중력 및 자체하중으로 PC구조물을 잡아주는 역할을 하므로 PC구조물을 거치 시키기 위해서는 집게에 안전핀을 고정하여 집게가 잡고 있는 PC구조물의 하중을 제거해야 함\n재발방지대책 프리캐스트 콘크리트의 조립 및 접합에 대한 사항은 공사 전에 공작도면 시공계획서 및 품질 관리 계획서를 작성하여 책임기술자의 승인을 받아야 한다
Construction,15-025 오피스텔 공사장 타워크레인 꺽임 사고 공사명 오피스텔 신축공사 사고일시 2015년 11월 22일 일 11 49분경 기상상태 흐림 소재지 경남 거제시 옥포동 사고 종류 꺽임 구조물 손실\n- 안전관리계획서 장비 손실 타워크레인 해당 해당없음 수립 대상 여부\n사고원인\no 사업주는 이동식 크레인을 사용하여 작업을 하는 경우 이동식 크레인 명세서에 적혀 있는 지브의 경사각 인양하중이 3톤 미만인 이동식 크레인의 경우에는 제조한 자가 지정한 지브의 경사각 의 범위에서 사용하도록 하여야 한다
Construction,건축-001 숙박시설 해체공사현장 붕괴사고 공사명 동 관광숙박시설 신축공사 사고일시 2017년 1월 7일 토 11 30분경 기상상태 맑음 소재지 서울시 종로구 사고 종류 무너짐 붕괴\n도괴 구조물 손실 슬래브 인적피해 사망 2명 부상 2명 안전관리계획서 장비 손실 백호우 해당 해당없음 수립 대상 여부\n사고개요\n3 사고원인 해체 대상건물 1층 바닥에 적재된 해체 잔재물 및 중장비 장비중량 145톤 의 하중을 바닥 슬래브 등 하부구조물이 견디지 못하고 붕괴된 것으로 추정 철거 대상층 하부 슬래브의 하중지지용 잭서포트 미시공 또는 설치수량 부족 등 해체작업에 필요한 구조보강이 미흡했던 것으로 추정\n개축에 대한 기록 등을 확인한 후 건물의 규모 구조 특징 등을 고려한 해체 수량의 산정이나 해체공법이 적정하게 선정되도록 해야 한다
Construction,15-029 철도 공구 횡갱 풍도슬래브 붕괴사고 공사명 철도 공구 노반공사 사고일시 2015년 12월 23일 수 07 25분경 기상상태 흐림 소재지 경기도 용인시 기흥구 사고 종류 붕괴 구조물 손실 슬래브 인적피해 사망 1명 중상 1명 안전관리계획서 장비손실\n사고원인
Construction,토목-003 업무시설 신축현장 기존옹벽 붕괴사고 공사명 동 업무 및 다세대주택 신축공사 사고일시 2017년 10월 8일 일 17 12분경 기상상태 맑음 소재지 경기도 여주시 사고 종류 무너짐 붕괴\n도괴 구조물 손실 옹벽 인적피해\n- 안전관리계획서 장비 손실\n3 사고원인 1단 옹벽 배면토 뒷채움토 에 설치된 2단 옹벽의 구조적 취약성과 사고발생 며칠 전부터 내린 강우로 인해 기존 옹벽을 채우고 있던 배면토압의 증가 토류판 설치로 체수 배수구멍 없음 로 2단 옹벽이 붕괴됨\n재발방지대책 공정계획 시공계획 수립 및 변경에 따른 구조안정 검토 등 기술검토를 통한 안전시공계획을 수립하여야 한다
Construction,16-009 뷰엔빌W 신축현장 천공기 전도사고 공사명 뷰엔빌 공동주택 신축공사 사고일시 2016년 03월 08일 화 14 50분경 기상상태 흐림 소재지 경북 경산시 백천동 사고 종류 전도 구조물 손실\n- 인적피해 인명피해 없음 안전관리계획서 장비 손실 천공기 해당 해당없음 수립 대상 여부\n사고원인\no 각부나 가대가 미끄러질 우려가 있는 경우에는 말뚝 또는 쐐기 등을 사용하여 대책 각부나 가대를 고정시킬 것
Construction,16-019 리모델링 공사중 붕괴사고 공사명 건축물 리모델링 공사 사고일시 2016년 08월 28일 일 11 47분경 기상상태 비 흐림 소재지 경남 진주시 장대동 사고 종류 붕괴 구조물 손실 3 4층 붕괴 및 인접건물 손상 인적피해 사망 2명 부상 4명 안전관리계획서 장비 손실\no 근린생활시설 4층 의 3층을 리모델링 공사 중 3층 이상부분이 붕괴되어 작업자 2명 사망 4명 부상\n사고원인\no 44년이 경과한 건축물 4층 중 3층 당초 여인숙 을 사무공간으로 활용하기 위하여 인접 건물과 연결을 위한 벽체철거 공사 중 3층의 벽체가 상부 하중을 지지하지 못해 붕괴된 것으로 추정\no 철근콘크리트 구조인 1 2층과 달리 증축된 3 4층은 조적구조임에도 용도 변경 승인 및 리모텔링을 위한 구조검토 등의 절차가 무시된 상태에서 칸막이 벽체를 제거하여 상부 하중을 버틸 수 있는 내하력이 부족하게 된 것이 사고의 주된 원인으로 추정\no 설계도서의 보존 여부와 관계없이 현지조사를 실시하여 구조형식이나 증 개축에 대한 기록 등을 입수하여 건물의 규모 구조 특징 등을 파악하고 해체 수량의 산정이나 해체공법 선정의 자료로 사용한다
Construction,건축-003 주택 재개발 정비사업현장 외벽 전도사고 공사명 생활권 구역 주택재개발 정비사업 사고일시 2017년 5월 23일 화 13 38분경 기상상태 흐름 소재지 경기도 의정부시 사고 종류 넘어짐 전도 구조물 손실\n- 인적피해 사망 1명 안전관리계획서 장비 손실 백호 해당 해당없음 수립 대상 여부\n3 사고원인 지상 4층 건물의 1 2층 약4 5m 한쪽 외벽이 인근 언덕위에 존치되어 있어 언덕의 경사반대 방향에서 철거작업을 진행하도록 지시하였으나 지시에 불응하고 작업을 강행하던 중 반복되는 작업진동으로 인하여 외벽이 경사방향으로 전도되면서 백호우를 덮친 것으로 추정\n재발방지대책 해체공사 시 작업자는 현장소장으로부터 유의사항 및 현장상황을 충분히 확인한 후 안전에 유의 하여 작업을 실시하여야 한다\n구조물 해체공사 전에 설계도면 구조 계산서 시방서 공사비 내역서 현장 설명서 등을 포함한 설계도서를 필히 작성하여 사전에 담당직원에게 승인을 받아야 한다
Construction,15-024 항 정비공사 거푸집 붕괴 사고 공사명 항 정비공사 사고일시 2015년 11월 21일 토 11 35분경 기상상태 맑음 소재지 경북 경주시 감포읍 사고 종류 붕괴 구조물 손실\n- 인적피해 사망 1명 안전관리계획서 장비 손실\n사고원인\no 거푸집 및 동바리의 각 단위 공정별 안전시공 절차 및 주의사항 거푸집 동바리 조립 해체계획 콘크리트 타설계획을 고려한다
Construction,15-004 현대백화점 배면도로 침하 사고 공사명 현대백화점 주변 침수방지 공사 사고일시 2015년 03월 29일 일 14 20분경 기상상태 맑음 소재지 서울시 서대문구 창천동 사고 종류 붕괴 구조물 손실\n- 안전관리계획서 장비 손실 25톤 준설차량 해당 해당없음 수립 대상 여부\no 공사종류 하수도 임시포장구간\n사고원인
Construction,15-012 도 - 도로 공사 교량 붕괴사고 공사명 간 도로확포장공사 사고일시 2015년 07월 18일 토 08 15분경 기상상태 흐림 소재지 경기도 파주시 적성면 사고 종류 파괴 구조물 손실 PSC 거더 인적피해 1명 사망 1명 경상 안전관리계획서 장비 손실\n사고원인\n- 51 -설마5교 사고현장 위치도 사고 사진 5교 P2 P3 PCS 빔 L 35m 거치구간
Construction,16-004 교 합성형 강아치거더 붕괴사고 공사명 건설 제11-1공구 노반신설공사 사고일시 2016년 01월 24일 일 06 10분경 기상상태 한파 영하15도 소재지 강원도 강릉시 성산면 사고 종류 붕괴 구조물 손실 거더 인적피해 인명피해 없음 안전관리계획서 장비 손실\n- 해당 해당없음 수립 대상 여부\no 16년1월24일 06 10분경 발생한 남대천과 국도 35호선 상부를 통과하는 교량 남대천교 의 합성형 강아치거더를 지지하고 있던 가벤트와 하부 힌지 부분에서 탈락되어 종점측 우측 하상부 의 합성형 강아치거더가 추락하여 붕괴됨\n사고원인\no 강아치거더의 수축현상에 따른 수평력과 강아치거더 내부 충진한 콘크리트 자중에 의한 수평력의 복합적인 영향으로 우측 가벤트가 전도된 것으로 추정 합성형 강아치거더 조립시 159월 와 사고당일 16년 1월 24일일 -15 과의 온도변화\no 강재교각의 기둥부 이음이 볼트접합일 경우는 메탈터치에 의하여 접합할 수 있도록 하고 상부이음부재는 가설용 내부 라이너를 설치하여 가설이 용이하도록 하여야 한다\n- 123 -사고현장 위치도 OOO 철도교 종 평면도
Construction,15-003 교 교량상판 콘크리트 타설중 붕괴사고 공사명 국지도 호선 - 도로개설공사 3공구 사고일시 2015년 03월 25일 수 17 18분경 기상상태 맑음 소재지 경기도 용인시 처인구 사고 종류 붕괴 구조물 손실 슬래브 인적피해 사망 1명 중상 1명 경상 7명 안전관리계획서 장비 손실\n- 해당 해당없음 수립 대상 여부\n사고경위\n사고원인\no 가새는 동바리의 구조적인 안전성 확보에 대단히 중요한 부재이므로 가새 설치 위치 설치 방향 설치 수량 등에 대해서 상세히 설계하고 조립도 작성
Construction,15-006 사무동 증축공사 PC구조물 붕괴 공사명 단양공장 사무동 증축공사 사고일시 2015년 04월 23일 목 16 15분경 기상상태 맑음 소재지 충북 단양군 매포읍 사고 종류 붕괴 구조물 손실 프리캐스트 기둥 및 슬래브 인적피해 중상 2명 안전관리계획서 장비 손실\n사고원인\no 프리캐스트 철근콘크리트 부재를 조립 시공하는 건축물 공사 시행 전 부재의 제조 운반 접합방법 및 조립순서를 충분히 고려하여 공법계획을 수립하고 설계도서에 제시된 공법의 적정여부를 확인
Construction,16-016 제2공영주차장 슬래브 붕괴사고 공사명 제2공영주차장 확충공사 사고일시 2016년 06월 20일 월 15 18분경 기상상태 맑음 소재지 경기도 수원시 권선구 사고 종류 붕괴 구조물 손실 슬래브 인적피해 경상 6명 중상1명 안전관리계획서 장비 손실\no 주차장 2층 슬래브 Con c 타설 중 데크플레이트 바닥거푸집 를 받치고 사고개요 있던 합성보 EPS3 의 좌측 벽체 연결부가 자중 및 작업하중을 견디지 못하고 파단되어 데크플레이트 2개구간 13m 65m 이 동시에 붕괴 되면서 데크플레이트 위에서 작업 타설 미장 중이던 근로자 7명이 추락\n사고원인\no 합성보 콘크리트 강도 49MPa 발현 여부\no 시공계획 단계부터 사용할 콘크리트의 품질 및 콘크리트의 충전 시공 방법에 대해 충분히 검토하여야 한다
Construction,16-012 리모델링현장 외부비계 붕괴사고 공사명 숙박시설 리모델링공사 사고일시 2016년 03월 20일 일 13 09분경 기상상태 맑음 소재지 서울시 중구 다동 사고종류 붕괴 구조물 손실\n- 인적피해 부상 1명 안전관리계획서 장비 손실\no 공사종류 숙박시설\n사고경위 사고개요\n사고원인\no 건축물 외벽 돌붙임 작업을 위해 외부비계 고정대 벽연결재 일부를 해체 2층 전면부 함에 따라 상부 가설구조물 및 시공하중에 의해 저층부에서부터 좌굴이 진행되어 붕괴 외부가림벽 높이 약 27m 전체 약100m 연장 중 약 40m 구간 붕괴 된 것으로 추정\no 비계 및 작업 발판은 공사의 종류 규모 장소 등에 따라 적합한 재료 및 방법으로 견고하게 설치하고 유지관리에 주의하여야 한다
Construction,건축-008 공장 신축현장 마감재 탈락 및 추락사고 공사명 공장 신축공사 사고일시 2019년 9월 18일 목 16 05분경 기상상태 맑음 소재지 경기도 용인시 사고 종류 추락 구조물 손실 천장마감재 및 지지 앵커 등 탈락 인적피해 사망 1명 부상 3명 안전관리계획서 장비 손실\n3 사고원인 천장 슬래브에 매입된 달대앵커의 매입깊이가 부족하여 하중 지지능력이 저하된 상태에서 마감재 상부에서의 작업으로 작업자 4인 코어기 등의 하중이 앵커 및 마감재에 집중되어 탈락됨
Construction,16-002 다가구주택 석축붕괴 공사명 - 신축공사 사고일시 2016년 01월 05일 화 02 19분경 기상상태 맑음 소재지 서울시 강서구 화곡동 사고 종류 붕괴 구조물 손실\n- 인적피해 인명피해 없음 안전관리계획서 장비 손실\n사고경위\n사고원인\no 지하수 유출과 옹벽바닥부를 누르고 있던 기존 건물 단층 을 철거함에 따른 하중제거로 취약해 있던 옹벽이 붕괴된 것으로 추정됨\no 땅파기공사로 손상될 수 있는 인접구조물은 변위가 발생되지 않도록 밑받 치기 지보 언더피닝 등의 적정공법으로 보강 하여야 한다
Construction,15-028 체육관 신축공사 암사면 붕괴사고 공사명 대학교 캠퍼스 체육관 신축공사 사고일시 2015년 12월 10일 목 14 40분경 기상상태 흐리고 비 소재지 경기도 파주시 파주읍 사고 종류 붕괴 구조물 손실\n- 인적피해 사망 1명 안전관리계획서 장비 손실 고소작업차량 해당 해당없음 수립 대상 여부\no 암사면 높이 약 10m 의 사면안정화 작업을 위해 작업자가 스카이차량의 작업대 버켓 에 탑승 높이 약 4m 하여 하부암반 보강을 위한 그라우팅 사고개요 주입작업 Soil Nailing 공법 중 상부암반이 붕괴하여 근로자 1명이 매몰되어 사망\n사고원인\no 전면판은 콘크리트 뿜어붙이기 콘크리트 벽체 콘크리트 격자블록 등으로 인접된 네일두부들끼리의 연결이 확실히 되도록 시공한다\no 우기에는 빗물이 지반에 침투하여 깎기면이 붕괴할 우려가 있으므로 빗물이 스며드는 것과 우수가 깎기면으로 유입되는 것을 방지하기 위하여 차수 시설을 해 주어야 한다
Construction,15-007 터널 발파사고 공사명 - 간 도로 확 포장공사 3공구 사고일시 2015년 05월 07일 목 14 19분경 기상상태 맑음 소재지 강원도 철원군 갈말읍 사고 종류 폭발 구조물 손상\n- 인적피해 사망 1명 안전관리계획서 장비 손실\n사고원인\no 안전사고에 대비하여 적당한 시간이 경과한 후에 막장에 접근토록 하여야 하며 불발 장약공 및 잔류폭약의 유무를 점검하고 잔류폭약의 제거 등 필요한 조치를 취하여야 한다\no 발파 시 모든 작업원 및 주변 주민에게 발파를 알리는 사이렌 경보를 하여야 하며 필요 시 주민대피 교통통제 가축대피 등을 실시하여야 한다
Construction,15-015 호선 역 진입로 공사장 크레인 마스터 붐 꺽임 사고 공사명 호선 역 출입시설 설치공사 사고일시 2015년 10월 07일 수 10 41분경 기상상태 맑음 소재지 서울시 강서구 가양동 사고 종류 파단 구조물 손실\n- 인적피해 부상 1명 안전관리계획서 장비 손실 이동식크레인 해당 해당없음 수립 대상 여부\n사고원인\no 사업주는 이동식 크레인을 사용하는 경우에 그 이동식 크레인의 구조 부분을 구성하는 강재 등이 변형되거나 부러지는 일 등을 방지하기 위하여 해당 이동식 크레인의 설계기준 제조자가 제공하는 사용설명서 을 준수하여야 한다\no 사업주는 이동식 크레인을 사용하여 작업을 하는 경우 이동식 크레인 명세서에 적혀 있는 지브의 경사각 인양하중이 3톤 미만인 이동식 크레인의 경우에는 제조한 자가 지정한 지브의 경사각 의 범위에서 사용하도록 하여야 한다
Construction,16-007 9 10호기 석탄취급설비 설치공사 공사명 신축공사장 데크플레이트 붕괴사고 사고일시 2016년 02월 18일 목 11 25분경 기상상태 맑음 소재지 충남 태안군 원북면 사고 종류 붕괴 구조물 손실 데크슬래브 인적피해 사망 2명 안전관리계획서 장비 손실\n사고원인\no 담당원은 가설작업 부재이음 용접방법 가설 후 응력계측 품질검사 및 시험요령 등에 대한 작업절차서를 작성해야 한다\no 데크복합슬래브에서는 데크플레이트와 콘크리트의 일체화를 위해 통상 재발방지 스터드볼트 접합을 실시한다\n- 138 -사고 사진 사고발생 위치 갤러리 바닥 사고 사진 사고현장 데크플레이트 겹침
Construction,건축-005 초등학교 내진보강 공사현장 조적벽 전도사고 공사명 초등학교 본관동 내진보강공사 사고일시 2019년 10월 30일 수 16 00분경 기상상태 맑음 소재지 서울시 금천구 사고 종류 전도 구조물 손실 외벽 조적벽 인적피해\n- 안전관리계획서 장비 손실\n3 사고원인 지상3층 외부벽체 시공 시 횡력에 취약한 기존 조적벽체 비내력구조 에 횡력을 지지하는 보강 없이 콘크리트를 타설하는 과정 중 측압에 의해 조적벽체가 붕괴 추정\n조적벽\n콘크리트벽 또는 옹벽 등의 건설물과 근접한 장소에서 작업을 수행 하는 경우에는 해당 가설물의 파손 및 전도 등에 의해 작업자가 위험해질 우려가 없는지 확인하고 필요시 해당 건설물을 보강하거나 이설하는 등 해당 위험을 방지하기 위한 대책을 마련하여야 한다
Construction,건축-007 업무시설 공사현장 안전난간대 설치 중 추락사고 공사명 생명 사옥 신축공사 사고일시 2019년 6월 17일 월 14 20분경 기상상태 맑음 소재지 부산시 동구 사고 종류 기타 추락 구조물 손실\n- 인적피해 사망 1명 안전관리계획서 장비 손실\n3 사고원인 안전난간대 설치를 위하여 지하3층의 작업발판 상부에 올라가서 바닥 합판을 옮기던 중 작업 발판이 기울어지면서 안전고리를 체결하지 않은 근로자가 추락한 것으로 추정됨 작업발판의 한쪽은 하부에서 시스템비계로 지지하고 있었으나 사고 당시에는 후속작업을 위하여 시스템비계가 해체되어 지지력이 없는 상황이었음
Construction,토목-001 열수송관 매설현장 매몰사고 공사명 지구 열배관공사 사고일시 2018년 8월 17일 금 11 14분경 기상상태 맑음 소재지 경기도 평택시 사고 종류 무너짐 붕괴\n도괴 구조물 손실\n- 인적피해 사망 1명 부상 1명 안전관리계획서 장비 손실\n3 사고원인 열수송관 매설을 위해 가설 흙막이를 설치하지 않고 수직 H 25m 으로 터파기 굴착을 실시한 상태에서 굴착면 상단부 지반이 붕괴된 것으로 추정
Construction,16-010 스타벅스 신축현장 크레인 전도사고 공사명 상업지역 신축공사 스타벅스 유니클로 신축공사장 사고일시 2016년 03월 09일 수 09 00분경 기상상태 흐림 소재지 전남 여수시 둔덕동 사고종류 전도 구조물 손실\n- 인적피해 중상 1명 경상 2명 안전관리계획서 장비 손실 이동식 크레인 해당 해당없음 수립 대상 여부\n사고경위\no 공사장 내 거푸집을 크레인으로 운반 작업 중 아웃트리거가 우천으로 인해 사고개요 연약해진 지반에 침하되면서 크레인 50톤 이 전도\n사고원인\no 각부나 가대가 미끄러질 우려가 있는 경우에는 말뚝 또는 쐐기 등을 대책 사용하여 각부나 가대를 고정시킬 것
Construction,건축-004 전자 부속창고 가설구대 붕괴사고 공사명 전자 평택공장 신축공사 사고일시 2018년 3월 19일 월 14 10분경 기상상태 비 소재지 경기도 평택시 사고 종류 무너짐 붕괴\n도괴 구조물 손실\n- 인적피해 사망 1명 부상 4명 안전관리계획서 장비 손실 가설구대 해당 해당없음 수립 대상 여부\n붕괴되어 가설구대 상부에서 작업 중인 근로자 7명 중 5명 사상\n3 사고원인 인력에 의한 가설구대 이동작업 중 진행방향 전방우측 Bogie 총 4개 Bogie 설치 가 7인의 작업자가 가한 힘이 균등하지 않자 편심 발생으로 레일에서 탈락되며 구대가 변형되었고 또한 좌측보다 약 1m 짧게 설치된 우측레일에서 탈락되면서 가설구대 전체가 추락 18m 하여 붕괴된 것으로 추정\n재발방지대책 가설구대 이동작업 시 위치 조정을 위한 신호수를 배치하여야 한다 레일 설치 시에는 작업을 위한 가설구대의 최대 이동 거리를 고려한 여유길이를 확보하여 설치 하여야 한다
Construction,건축-012 공사 사옥 신축현장 천공기 전도사고 공사명 공사 지사 사옥 신축공사 사고일시 2019년 7월 23일 화 09 26분경 기상상태 맑음 소재지 광주시 북구 사고 종류 넘어짐 전도 구조물 손실\n- 인적피해 부상 2명 안전관리계획서 장비 손실\n3 사고원인 보조장비 크레인 없이 천공기의 바닥 철판 16t 을 자력으로 옮기기 위해 천공기를 회전하던 중 중심을 잃고 전도된 것으로 추정됨
Construction,15-022 센트럴 복합단지 조성공사 중 천공기 전도사고 공사명 센트럴 의 복합단지 건설공사 사고일시 2015년 11월 19일 목 07 30분경 기상상태 맑음 소재지 인천 서구 경서동 사고 종류 전도 구조물 손실\n- 인적피해 사망 1명 안전관리계획서 장비 손실 천공기 해당 해당없음 수립 대상 여부\n사고원인\no 각부나 가대가 미끄러질 우려가 있는 경우에는 말뚝 또는 쐐기 등을 대책 사용하여 각부나 가대를 고정시킬 것
Construction,건축-001 오피스텔 신축현장 가설흙막이 붕괴사고 공사명 신축공사 사고일시 2018년 8월 31일 금 4 40분경 기상상태 흐림 소재지 서울시 금천구 사고 종류 무너짐 붕괴\n도괴 구조물 손실 흙막이 인적피해 부상 2명 안전관리계획서 장비 손실\n3 사고원인 흙막이 가시설 배면의 차수 및 배수시설의 상태가 미흡한 가운데 폭우로 증가한 지표수가 유입되어 지하수와 함께 흙막이 가시설 배면토사가 유출되면서 가설 흙막이 및 상부도로 일부가 붕괴된 것으로 추정됨\n83RAKER지지말뚝 시공현황 가설흙막이 상부 도로현황 84
Construction,16-003 신축상가 천공기 전도사고 공사명 상가 신축공사 사고일시 2016년 01월 18일 월 15 40분경 기상상태 맑음 소재지 경남 양산시 물금읍 사고 종류 전도 구조물 손실\n- 인적피해 경상 1명 안전관리계획서 장비 손실 천공기 해당 해당없음 수립 대상 여부\n사고원인\no 천공장비 이동 및 설치시 지반이 충분한 지지력을 확보하여 부등침하가 발생되지 않도록 하여야 하나 침하방지를 위한 깔판 철판 은 설치한 것 으로 보이나 지반이 충분한 지지력을 확보하지 못한 것으로 추정\no 각부나 가대가 미끄러질 우려가 있는 경우에는 말뚝 또는 쐐기 등을 대책 사용하여 각부나 가대를 고정시킬 것
Construction,건축-004 업무시설 건설현장 슬래브 붕괴사고 공사명 IX TOWER 신축공사 사고일시 2019년 6월 26일 수 10 30분경 기상상태 흐림 소재지 경기도 화성시 사고 종류 붕괴 구조물 손실\n- 인적피해 부상 4명 안전관리계획서 장비 손실\n3 사고원인 지상1층 바닥슬래브 데크플레이트 중앙에 걸쳐 있는 보 하부에 위치한 시스템 동바리의 수평 연결재 간격을 설계서의 간격 24m 마다 2단 설치 과 다르게 시공 36m마다 2단 시공 하였고 콘크리트 타설 시 작업하중이 편중되지 않도록 슬래브 중앙에서 외부 방향으로 콘크리트 타설을 실시하여야 하나 편중되게 타설하면서 편심하중 작용에 따른 시스템동바리 좌굴 및 슬래브 붕괴 사고가 발생한 것으로 추정됨\n파이프 서포트와 같이 단품으로 사용되는 동바리의 높이가 35m를 초과하는 경우에는 높이 2m 이내마다 수평연결재를 양방향으로 설치하고 연결부분에서 변위가 일어나지 않도록 수평 연결재의 끝부분은 단단한 구조체에 연결하여야 한다
Construction,16-021 물류창고 신축공사 슬래브 붕괴사고 공사명 물류창고 신축공사 사고일시 2016년 11월 15일 화 15 30분경 기상상태 맑음 소재지 김포시 고촌읍 전효리 사고 종류 붕괴 구조물 손실 슬래브 인적피해 경상 5명 중상 3명 안전관리계획서 장비 손실\n사고원인\n구조계산서에 주의사항으로 수평연결재에 대해 명기 현장 미시공\no 시스템동바리는 재사용 자재가 현장에서 많이 사용되므로 가설공사표준 시방서의 동바리 설계 일반사항 에서 규정한 바에 따라 재사용자재의 성능저하를 반드시 고려
Construction,건축-002 학원건물 해체공사현장 붕괴사고 공사명 - 철거공사 사고일시 2017년 4월 22일 토 9 57분경 기상상태 맑음 소재지 서울시 강남구 사고 종류 무너짐 붕괴\n도괴 구조물 손상 슬래브 인적피해 사망 1명 안전관리계획서 장비 손실 백호 해당 해당없음 수립 대상 여부\n사고개요\n2 사고경위 업무시설 신축을 위해 기존 건물 지상5층 지하3층 의 1층 바닥슬래브에서 백호우 버켓 08 로 1층 3층 벽체 및 슬래브 해체작업을 실시하던 중 1층 바닥슬래브 붕괴로 백호우 운전자 포함 와 인근에서 살수작업 중이던 근로자 2명이 지하2층 3층으로 추락 및 매몰된 사고 운전자 자력 탈출\n3 사고원인 해체 대상건물 1층 바닥에 적재된 해체 잔재물 및 중장비 장비중량 20톤 의 하중을 바닥 슬래브 등 하부구조물이 견디지 못하여 붕괴된 것으로 추정\n- 건축물 철거신고 시 해체잔재물의 적치 및 반출계획 잭서포트 보강 등 공사현장의 안전계획 누락 시공사 철거업체 의 착공 전 임의 시공\n- 철거신고 2017년 4월 7일 시 제출된 철거계획 착공 후 20일 이내 철거 과 달리 해당 건축물의 착공신고 이전에 임의로 철거 시작\n건설사고 사례집붕괴당시 철거현황 해체 잔재물 적치 및 인명구조 현황 제3장 현장조사 사례
Construction,건축-006 플러스 리모델링현장 슬래브 붕괴사고 공사명 근린생활시설 보강공사 사고일시 2018년 1월 17일 수 10 30분경 기상상태 흐림 소재지 전라북도 전주시 사고 종류 무너짐 붕괴\n도괴 구조물 손실 슬래브 인적피해 사망 1명 안전관리계획서 장비 손실 지게차 해당 해당없음 수립 대상 여부\n3 사고원인 붕괴된 슬래브의 철근 정착불량 및 철근 누락 리모델링 계획 및 시공의 부적정\n- 슬래브 지지를 위한 기둥철거 추정흔적이 발견 8개소 되어 기둥제거로 인한 슬래브의 안전성에 문제가 발생한 것으로 추정\n구조물 해체공사 전에 설계도면 구조계산서 시방서 공사비 내역서 현장설명서 등을 포함한 설계도서를 필히 작성하여 담당직원에게 승인을 받아야 한다\n설계도서의 보존 여부와 관계없이 현지조사를 실시하여 구조형식이나 증
Construction,16-018 주택재건축 정비구역 근린생활시설 붕괴사고 공사명 주택재건축 정비구역 리모델링 사고일시 2016년 07월 18일 월 14 04분경 기상상태 맑음 소재지 서울시 서대문구 홍은동 사고 종류 붕괴 구조물 손실\n- 인적피해 인명피해 없음 안전관리계획서 장비 손실 굴삭기 해당 해당없음 수립 대상 여부\n사고경위\no 해당 사고 건축물은 45년 경과 71년 사용승인 한 연화 조적 구조 3층 사고개요 상가 근린생활시설 건물로서 용도변경 승인을 받은 후 내부 리모델링 작업을 위하여 1층에서 소형굴삭기로 작업을 진행하던 중 건축물이 붕괴 하여 굴삭기 기사가 매몰되었음\n사고원인\no 준공 후 45년 경과한 노후 건축물로 이미 다수의 균열이 진행된 상황이며 굴삭기 작업 충격과 상재하중에 의해 붕괴된 것으로 추정됨
Construction,건축-004 건축물 철거공사현장 붕괴사고 공사명 오피스텔 신축공사 사고일시 2017년 8월 16일 수 14 24분경 기상상태 흐림 소재지 서울시 용산구 사고 종류 무너짐 붕괴\n도괴 구조물 손실 슬래브 및 보 인적피해\n- 안전관리계획서 장비 손실\n3 사고원인 지상 3층 지붕슬래브 및 보 철거 시에 백호우 08 작업자가 우측으로 힘을 가하면서 국부적 으로 과다한 편심이 발생한 것으로 추정 잔재물 반출구가 지상 3층 지붕슬래브 및 보에 인접하여 설치되어 있었기 때문에 지상 4층 철거 후 잔재물을 지상 3층으로 반출하던 과정에서 보에 손상이 발생하였을 것으로 추정\n재발방지대책 구조물 해체공사 전 설계 도면 구조 계산서 시방서 공사비 내역서 현장설명서 등을 포함한 설계도서를 필히 작성하여 담당직원에게 승인을 받아야 한다\n건설사고 사례집사고현장 사고현장 위치도 사고현장 전경 전도된
Construction,16-017 대교 슬래브 붕괴사고 공사명 도로건설공사 현장 사고일시 2016년 07월 08일 금 10 50분경 기상상태 맑음 소재지 전남 영광군 염산면 사고 종류 붕괴 구조물 손실 슬래브 인적피해 중상 1명 경상 5명 안전관리계획서 장비 손실\n- 해당 해당없음 수립 대상 여부\n사고원인\no FCM공법에 있어서 교각이 가동단일 경우 임시고정블럭의 규격 PS강봉과 커플러의 체결 긴장력 도입 부분은 안전성 확보의 핵심 공종이기 때문에 임시 구조물이라도 중요 공종은 검측항목에 포함하여 안전성을 확보한다\n설계측면의 사고원인\n시공측면의 사고원인\n시공 품질관리 측면의 사고원인\n항에 따라 건설사업관리기술자 감리자 가 작성한 검측업무지침 내용에는 강봉과 커플러에 대한 항목은 포함되지 않았다\no 강봉에 긴장력 도입시 긴장력과 신장량을 비교 검증할 경우 강봉의 체결 상태를 간접적으로 확인할 수 있었으나 이러한 긴장력 관리를 소홀히 하였다\n제도적 측면의 사고원인 사고원인\n심리적 측면의 사고원인\no 가설공법에 대한 전문 하도업체의 과신 및 작업자의 경험에 의지\no 교량 기울임 사고의 직접적인 원인은 하부강봉과 커플러의 체결길이 부족\no 시공사의 어려운 현실 여건으로 충분한 인력배치가 어려우며 특히 구조 전문가의 배치는 용이하지 않은 실정
Construction,토목-002 터널 풍도슬래브 브라켓 파단사고 공사명 터널 민간투자사업 건설공사 사고일시 2018년 3월 21일 수 10 30분경 기상상태 비 소재지 부산시 북구 사고 종류 파열 파단 구조물 손실 콘크리트 브라켓 및 PC구조물 인적피해 사망 1명 안전관리계획서 장비 손실\n2 사고경위 종점부 지하환기소에 풍도용 PC슬래브를 설치하던 중 이를 지지하는 콘크리트 브라켓 일부가 파단되어 추락한 PC슬래브 파편에 하부에서 작업 중인 근로자가 맞고 사망한 사고\n3 사고원인 사고지점의 풍도용 슬래브를 지지하는 철근콘크리트 브라켓의 철근이 부적정하게 배근 무근 상태 된 상태로 시공됨으로써 PC슬래브의 하중을 견디지 못하고 전단파괴 360 40 가 발생한 것으로 추정\n재발방지대책 철근콘크리트의 배근은 구조계산에 의해 결정한 적정 수량을 구조물의 형상을 고려한 철근 상세도에 따라 재질을 손상시키지 않는 적절한 방법으로 정확한 치수 및 형상을 가지도록 가공 하고 이것을 소정의 위치에 정확하고 견고하게 조립하여야 한다
Construction,16-022 아파트 데크플레이트 붕괴사고 공사명 주상복합 신축공사 사고일시 2016년 12월 23일 월 16 36분경 기상상태 맑음 소재지 대구시 수성구 범어동 사고 종류 붕괴 구조물 손실 데크슬래브 인적피해 중상 5명 안전관리계획서 장비 손실\n사고원인\no 합성보의 콘크리트 소요강도 및 연결플레이트의 인장강도 발현에 대한 품질확인 후 다음 공정 슬래브 콘크리트 타설 으로 진행하여야 한다\n- 195 -파단 부위 파단된 브라켓 사고사진 파단부위 상세도
Construction,토목-004 도시철도 건설공사현장 인접사면 일부 붕괴사고 공사명 도시철도 선 공구 건설공사 사고일시 2019년 2월 22일 금 06 15분경 기상상태 맑음 소재지 부산시 사상구 사고 종류 기타 구조물 손실\n- 안전관리계획서 장비 손실\n2 사고경위 사면상부에서 발생한 낙석에 의해 울타리 일부가 손괴됨 3 사고원인 금번 사고는 기존 응급복구가 실시된 사면\n13년도 1월 사면붕괴 발생되어 복구공사 후 계측 관리 과 약 100m 이격된 암반사면에서 발생하였으며 지난 2월 19 20일의 강우에 의한 지표수 침투 및 해빙기 동결융해 등의 영향으로 암반사면의 불연속면이 약해져 붕괴 및 낙석이 발생함\n재발방지대책 관리감독자는 지반의 붕괴 또는 토석의 낙하에 의한 근로자의 위험을 방지하기 위하여 작업 시작 전에 작업 장소 파악 및 그 주변의 부석\n지반의 붕괴 또는 토석의 낙하 원인이 되는 빗물이나 지표수 등의 침투를 배제할 수 있도록 안전 조치를 실시해야 한다
Construction,건축-010 지구 공동주택 건설현장 타워크레인 붐대 파단사고 공사명 익스프레스 3차 신축공사 사고일시 2017년 12월 18일 월 14 40분경 기상상태 흐림 소재지 경기도 평택시 사고 종류 파열 파단 구조물 손실\n- 인적피해 사망 1명 부상 3명 안전관리계획서 장비 손실 타워크레인 해당 해당없음 수립 대상 여부\n3 사고원인 케이지를 상승한 후 마스트 24단 를 체결하려는 순간 클라이밍 케이지 하부의 슈 거치대 마스트에 부착 또는 실린더 맴버가 파단되며 케이지가 3m 아래로 추락 이 충격으로 마스트 지브 55m 및 케이지의 발판과 난간 일부가 파손된 것으로 추정\n재발방지대책 산업안전보건기준에 관한 규칙 제141조에 의거하여 타워크레인 설치
Construction,토목-002 교 점검용 계단 붕괴사고 공사명 지사 시설물 연간유지보수 공사 사고일시 2018년 5월 19일 토 8 48분경 기상상태 맑음 소재지 충청남도 예산군 사고 종류 무너짐 붕괴\n도괴 구조물 손실 교량 점검계단 인적피해 사망 4명 안전관리계획서 장비 손실\n- 해당 해당없음 수립 대상 여부\n3 사고원인 점검계단을 고정하는 일부 앵커볼트의 길이가 설계와 달리 짧은 것으로 설치\n공용중인 교량의 점검시설을 안전하게 사용하기 위해서는 교량점검시설의 이용시 유의사항을 공지하는 안내표지판을 설치하여야 한다
Construction,건축-008 마을 아파트 건설공사현장 타워크레인 전도사고 공사명 지구 아파트 건설공사 사고일시 2017년 10월 10일 화 13 36분경 기상상태 맑음 소재지 경기도 의정부시 사고 종류 넘어짐 전도 구조물 손실\n- 인적피해 사망 3명 부상 2명 안전관리계획서 장비 손실 타워크레인 해당 해당없음 수립 대상 여부\n3 사고원인 타워크레인 해체작업을 위해 텔레스코핑 케이지에서 하부마스트를 분리하는 작업 중 작업자의 숙련도 부족으로 인하여 턴테이블 상부구조가 균형을 잃고 하부구조로 하중이 집중되면서 노후된 크레인 자재의 결함부가 파단되어 전도사고가 발생한 것으로 추정\n재발방지대책 산업안전보건기준에 관한 규칙 제141조에 의거하여 타워크레인 설치\n작업구역에는 관계 근로자가 아닌 경우 출입을 금지하고 그 취지를 잘 보이는 곳에 공지하여야 한다\n183사고현장 사고현장 위치도 타워크레인 전도사고 현황 184
Construction,건축-001 건축복합 허가지 옹벽 부대토목 붕괴사고 공사명 - 제조업소 조성 공사 사고일시 2018년 9월 14일 금 9 54분경 기상상태 흐림 소재지 경기도 화성시 사고 종류 무너짐 붕괴\n도괴 구조물 손실 옹벽 인적피해\n- 안전관리계획서 장비 손실\n3 사고원인 산지전용 및 건축허가 승인 이전에 시공된 식생블럭 옹벽의 수직 시공으로 인해 옹벽 배면지반의 보강부족 및 배면 뒷채움 다짐작업 부족에 따른 외력 등의 복합적인 영향으로 옹벽붕괴 발생 추정\n뒤채움재의 포설과 다짐작업은 구조물을 변형시키지 않도록 주의해서 시공하여야 하며 전면판에 변형이 발생한 경우에는 즉시 모든 작업을 중단하고 수정 후 재시공하여야 한다
Construction,건축-003 신도시 상업시설현장 슬래브 붕괴사고 공사명 스퀘어 현장 사고일시 2017년 2월 14일 화 18 08분경 기상상태 맑음 소재지 경기도 시흥시 사고 종류 무너짐 붕괴\n도괴 구조물 손실 슬래브 인적피해 부상 5명 안전관리계획서 장비 손실\n3 사고원인 시공계획 부적정\n- 벽체와 보의 지지력 미확보 상태에서 콘크리트 타설로 집중하중 발생 추정 데크슬래브 타설 하중에 대한 보 측면 거푸집 안전성 검토 미실시\n- 세부 공종별 안전관리계획서 검토 미실시 설계변경에 따른 안전관리계획서 수정
Construction,15-019 공항 터미널 이동식크레인 붐대 파단 공사명 공항 터미널 골조 및 외장공사 사고일시 2015년 11월 10일 화 10 15분경 기상상태 맑음 소재지 인천시 중구 운서동 사고 종류 파단 구조물 손실\n- 인적피해 사망 1명 경상 2명 안전관리계획서 장비 손실 이동식 크레인 해당 해당없음 수립 대상 여부\n사고원인\no 크레인이 트러스를 인상하여 조립하는 과정에서 크레인이 위치이동을 위해 움직이던 중 동하중을 이기지 못하고 붐대 파단\n국내도입 후 8년경과 현장 투입전 장비검사 실시\no 사업주는 이동식 크레인을 사용하는 경우에 그 이동식 크레인의 구조 부분을 구성하는 강재 등이 변형되거나 부러지는 일 등을 방지하기 위하여 해당 이동식 크레인의 설계기준 제조자가 제공하는 사용설명서 을 준수하여야 한다\no 사업주는 이동식 크레인을 사용하여 작업을 하는 경우 이동식 크레인 명세서에 적혀 있는 지브의 경사각 인양하중이 3톤 미만인 이동식 크레인의 경우에는 제조한 자가 지정한 지브의 경사각 의 범위에서 사용하도록 하여야 한다
Construction,토목-003 국제대교 거더 붕괴사고 공사명 호 횡단도로 건설공사 사고일시 2017년 8월 26일 토 15 20분경 기상상태 맑음 소재지 경기도 평택시 사고 종류 무너짐 붕괴\n도괴 구조물 손실 거더 및 교각 인적피해\n- 안전관리계획서 장비 손실\n사고개요\n2 사고경위 ILM공법으로 제작장에서 1Seg 30m 제작 후 압출방식으로 밀어내는 과정에 25m 압출한 후 더 이상 압출이 진행되지 않아 백런칭 30 을 진행하였고 백런칭을 실시한 후 휴식시간 중 P15 P19번 사이의 거더 및 P16이 붕괴됨\n사고원인분석\n1 설계 측면의 사고원인 2실 3벽체를 가지는 PSC박스 거더로 설계하면서 받침을 2개의 외측벽체 하부에만 설치하고 중앙벽체에는 매 경간별로 2개의 출입구를 설치하도록 하였으나 시공단계 구조검토에서 중앙 벽체를 유효단면으로 포함함\n2 시공 측면의 사고원인 2실 3벽체를 가지는 PSC박스 거더를 시공하면서 전체 3개의 벽체를 전단강도에 유효한 단면 으로 검토한 설계결과와는 달리 외측 2개의 벽체 하부에만 슬라이딩 패드 지점부를 배치하는 것으로 변경하여 시공함으로써 벽체의 전단강도 부족 30\n건설사고 사례집30m 단위의 세그먼트를 연속적으로 이어 붙이는 제작과정 중에 선행 제작된 세그먼트 접합면의 표면처리가 미흡하게 시공되어 신구 접합면의 정상적인 접착을 기대하기 어려운 상태였음 콘크리트 분할타설 시공이음부의 처리가 적절하게 시행되지 않아 심각한 신-구 콘크리트의 분리 현상이 발생함\n복부 전단철근은 U형상으로 상단 단부에서 철근정착부가 135도 갈고리에 6d 철근직경 의 정착 길이로 설계되어 있으나 실제 현장에서는 90도 갈고리에 정착길이를 4d 정도 설계기준 90도 갈고리인 경우 12d 로 제작하여 설치함 PSC박스 거더의 세그먼트 제작시 규격관리가 적절히 시행되지 못하여 시공된 단면에서 시공 오차가 매우 크게 발생함 PSC박스 거더의 제작 긴장력 도입 및 압출과정에서 여러 종류의 균열 및 문제점이 발생하였 으나 면밀한 원인분석 및 근본적인 대책을 세우지 않았거나 단순하고 소극적으로 대응\n- 정규직 직원들은 현장소장과 총무 이외에는 대부분 공무 에 투입되고 있어 공사 및 품질확보에 영향을 주었을 것으로 추정\n3 감리 측면의 사고원인 설계검토 및 시공관리 과정 중에 감리자의 역할을 제대로 수행하지 못함 금번 사고가 발생한 공종에 투입된 감리단 인원현황은 타 공구 1공구 와 겸직인 감리단장 책임 감리원 외 보조감리원 2명으로 전체적인 책임업무와 비교할 때 절대적으로 참여 인원이 부족 하였던 것으로 판단 사고 당일 시공사 최고책임자인 현장소장과 감리단장 책임감리원 이 휴무인 상태에서 주요 공정인 압출공정을 추진하도록 허가한 감리단의 역할로 미루어 볼 때 공사 전반에 걸친 감리 수준에 문제가 있는 것으로 판단 다\n건설사고 사례집1 2SEG 접합면 인근 휨파괴면 1 2SEG 접합면 인근 우측 상부슬래브 휨파괴면 제3장 현장조사 사례
Construction,15-013 복합환승센터 신축공사 콘크리트 타설 중 붕괴사고 공사명 복합환승센터 신축공사 사고일시 2015년 07월 31일 금 10 55분경 기상상태 맑음 소재지 대구광역시 동구 사고 종류 붕괴 구조물 손실 Beam 1개 Deck Plate 80 인적피해 중상 1명 경상 11명 안전관리계획서 장비 손실\no 규모 지하 7층 지상 9층\n사고원인\no 용접 후 용접상태를 시공사가 확인 후 감리에게 검측 요청의뢰 하였으나 불량 용접상태를 확인하지 못한 것이 붕괴의 직접적인 원인으로 조\no 용접순서 및 방향은 가능한 한 용접에 의한 변형이 적고 잔류응력이 적게 발생하도록 하고 용접이 교차하는 부분이나 폐합된 부분은 용접이 안 되는 부분이 없도록 용접순서에 대하여 특별히 고려해야 한다\no 항상 용접열의 분포가 균등하도록 조치하고 일시에 다량의 열이 한 곳에 집중되지 않도록 해야 한다\n설계 측면의 사고원인\no 벽체 엄지말뚝에 설치된 브라켓의 용접상태가 매우 불량하여 브라켓 탈락\n구조적 측면의 사고원인\n제도적 측면의 사고원인\no 안전관리계획서 및 시공계획서의 부적절한 작성 및 검토 사고원인\n심리적 측면의 사고요인\no 과도한 경험의존과 사고만 발생하지 않으면 된다는 안일한 안전의식\no 용접후 용접상태를 시공사가 확인 후 감리에게 검측 요청하여 확인토록 제도화되어 있으나 불량 용접상태를 확인하지 못한 것이 붕괴의 직접적인 원인으로 조사되었음
Construction,토목-001 옹벽 비탈면 붕괴사고 공사명 동 산 - 번지 외 2필지 사고일시 2017년 7월 11일 화 7 20분경 기상상태 맑음 소재지 충청북도 청주시 사고 종류 무너짐 붕괴\n도괴 구조물 손실 거푸집 인적피해 부상 2명 안전관리계획서 장비 손실\n2 사고경위 단지조성용 옹벽 L형 높이5m 을 시공하기 위하여 비탈면 높이 약 12m 을 절취한 후 옹벽 벽체 콘크리트 타설을 위한 거푸집을 설치하던 중 인접한 절취 비탈면의 토사 풍화잔류토 4 5 가 붕괴되어 근로자 2명이 매몰된 사고 발생\n3 사고원인 전날 집중호우에 따른 지표수가 절취한 비탈면의 토사층으로 침투됨에 따라 간극수압의 증가 및 표층토사의 중량 증가로 인해 비탈면 중간부 높이 5 6m지점 에서 쐐기형태로 토사 4 5 가 붕괴됨\n깎기 마무리면이 토사지반인 경우에는 우기 및 동절기 등 취약시기에 지표수 침투에 따른 국부 파괴를 대비한 방수포 덮개 설치 등 안전조치를 실시해야 한다\n41사고현장 사고현장 위치도 사고현황 모식도 42
Construction,아파트 주택재건축정비사업 사고일시 2017년 6월 2일 금 13 30분경 기상상태 맑음 소재지 서울시 영등포구 사고 종류 파열 파단 구조물 손실\n- 인적피해 사망 2명 안전관리계획서 장비 손실 이동식크레인 해당 해당없음 수립 대상 여부\n3 사고원인 스카이장비 결함 및 장비사용규칙 미준수로 추정됨\n재발방지대책 사업주는 이동식 크레인을 사용하는 경우에 그 이동식 크레인의 구조 부분을 구성하는 강재 등이 변형되거나 부러지는 일 등을 방지하기 위하여 해당 이동식 크레인의 설계기준 제조자가 제공 하는 사용설명서 의 사용절차를 준수하여야 한다\n사업주는 이동식 크레인을 사용하여 작업을 하는 경우에는 반드시 이동식 크레인 명세서에 적혀 있는 지브의 경사각 인양하중이 3톤 미만인 이동식 크레인의 경우에는 제조한 자가 지정한 지브의 경사각 범위 내에서 사용하도록 하여야 한다
Construction,건축-002 교회 신축공사현장 거푸집 전도사고 공사명 시내교회 신축공사 사고일시 2017년 10월 14일 토 14 20분경 기상상태 맑음 소재지 충청북도 제천시 사고 종류 넘어짐 전도 구조물 손실 거푸집 인적피해 사망 1명 안전관리계획서 장비손실\n3 사고원인 사고 당일 콘크리트 타설은 1층 벽체구간의 외벽 및 내부벽체 24m 높이까지 계획되었으나 사고가 발생한 거푸집은 당일 추가로 단독벽체 연장6m 높이4m 폭02m 의 4m 높이를 일체로 타설하였으며 거푸집의 내\n외부 전도방지 지지대 동바리 의 상태가 전반적으로 미흡 전용 받침물 미사용 및 고정 상태 미흡 한 상황에서 작업 중 진동 충격 콘크리트 편심타설 벽체 하부 계량기 단자함 설치 공간으로 일부 모르타르 유출 등의 영향에 의한 침하 및 유격 발생으로 거푸집이 전도된 것으로 추정
Construction,16-006 - 번지 석축 붕괴사고 공사명 - 번지 신축현장 사고일시 2016년 02월 18일 화 20 26분경 기상상태 맑음 소재지 서울시 동작구 상도1동 사고 종류 붕괴 구조물 손실\n- 인적피해 인명피해 없음 안전관리계획서 장비 손실\n사고경위\n사고원인\no 구조물 기초의 가장자리에서 45
Construction,16-020 하수관로 정비공사 중 토사 붕괴사고 공사명 하수관로 정비공사 사고일시 2016년 10월 19일 수 11 03분경 기상상태 맑음 소재지 경기도 오산시 원동 사고 종류 붕괴 구조물 손실\n- 인적피해 사망 1명 안전관리계획서 장비 손실\no 공사종류 하수도\n사고원인\no 적치 부지가 협소하여 굴착토사를 굴착면 인근에 적치 및 과적하여 토사의 자중에 의해 붕괴 Sliding 된 것으로 추정
Construction,15-011 문화대학교 외식산업관 공사현장 외부비계 붕괴사고 공사명 문화대학교 외식산업관 및 지하주차장 신축공사 사고일시 2015년 07월 04일 토 11 06분경 기상상태 맑음 소재지 충남 천안시 동남구 사고 종류 붕괴 구조물 손실\n- 인적피해 사망 3명 부상 4명 안전관리계획서 장비 손실\n사고원인\no 비계 조립 및 해체작업을 하는 근로자는 산업안전보건법 제47조 및 유해 위험작업의 취업 제한에 관한 규칙에 의하여 기능습득교육을 받은 자 또는 동등 이상의 자격을 갖춘 자이어야 한다
Construction,건축-001 아파트 타워크레인 전도사고 공사명 - 블록 아파트 건설공사 사고일시 2017년 5월 22일 월 16 50분경 기상상태 맑음 소재지 경기도 남양주시 사고 종류 넘어짐 전도 구조물 손상 슬래브 인적피해 사망 3명 부상 2명 안전관리계획서 장비 손실 타워크레인 해당 해당없음 수립 대상 여부\n3 사고원인 수입산 순정 부품 요크 이 아닌 국내 철공소에서 제작한 비순정 부품을 사용함으로써 압력을 견디지 못하고 파손됨\n해체작업을 실시하는 경우에는 설치\n규격품인 조립용 볼트를 사용하여 대칭되도록 차례로 결합 분해하여야 한다\n건설사고 사례집사고현장 사고현장 위치도 사고현황 타워크레인 마스트 현황 제3장 현장조사 사례
Construction,토목-002 사거리 지하차도 공사현장 크레인 전도사고 공사명 사거리 지하차도 건설공사 사고일시 2017년 7월 8일 토 8 30분경 기상상태 흐림 소재지 인천시 연수구 미추홀구 사고 종류 넘어짐 전도 구조물 손실\n- 안전관리계획서 장비 손실 이동식크레인 해당 해당없음 수립 대상 여부\n3 사고원인 이동식크레인의 회전 및 축 역할을 하는 턴테이블을 고정하는 볼트가 파단되어 크레인의 상부 부분 턴테이블 상부 이 전도됨\n재발방지대책 사업주는 이동식 크레인을 사용하는 경우에 크레인의 구조 부분을 구성하는 강재 등이 변형 되거나 부러지는 일 등을 방지하기 위하여 이동식 크레인의 설계기준 제조자 제공 사용설명서 과 사용절차를 준수하여야 한다\n사업주는 이동식 크레인을 사용하여 작업을 하는 경우 이동식 크레인 명세서에 적혀 있는 지브의 경사각 인양하중이 3톤 미만인 이동식 크레인의 경우에는 제조한 자가 지정한 지브의 경사각 의 범위에서 사용하도록 하여야 한다\n201사고현장 위치도 사고당시 모식도 202
Construction,건축-005 상가 신축현장 타워크레인 전도사고 공사명 중심상업지구 - 블럭 플러스 공사 사고일시 2017년 8월 7일 월 14 30분경 기상상태 맑음 소재지 경기도 하남시 사고 종류 넘어짐 전도 구조물 손상\n- 안전관리계획서 장비 손실 타워크레인 해당 해당없음 수립 대상 여부\n2 사고경위 타워크레인의 인상작업을 실시하기 위해 텔레스코핑 마스트와 턴테이블을 연결하는 핀 4개 중 2개만 체결된 상태에서 하부 마스트와 턴테이블을 연결하는 볼트 8개를 해체하고 작업을 진행하던 중 상부구조물 턴테이블 위쪽 이 균형을 잃고 전도\n3 사고원인 인상작업 시 상부구조물과 텔레스코핑 케이지는 항시 총 4개의 핀으로 고정되어 있어야 하나 사고발생 당시 타 현장의 타워크레인 인상작업을 위해 필요한 장비 부속 핀 2개 을 사고발생 현장의 장비에서 가져가서 2개의 핀만 체결\n재발방지대책 산업안전보건기준에 관한 규칙 제141조에 의거하여 타워크레인 설치\n건설사고 사례집
Construction,건축-009 연립주택 철거현장 붕괴사고 공사명 - 외 2필지 철거공사 사고일시 2019년 7월 6일 토 09 16분경 기상상태 맑음 소재지 경기도 부천시 사고 종류 무너짐 붕괴\n도괴 구조물 손실\n- 안전관리계획서 장비 손실\n3 사고원인 연립주택 연와조 의 1개 라인 3개 라인 기 철거 이 철거 중에 발생한 진동 및 충격에 의해 붕괴된 것으로 추정됨\n재발방지대책 해체공사 착수 전 시공사가 안전관리계획을 수립하여 발주청 및 인
Construction,토목-002 하천옹벽 보강공사현장 노후옹벽 붕괴사고 공사명 미리 구거옹벽 보강공사 사고일시 2017년 9월 20일 수 18 40분경 기상상태 맑음 소재지 경기도 광주시 사고 종류 무너짐 붕괴\n도괴 구조물 손실 옹벽 인적피해 부상 1명 안전관리계획서 장비 손실\n1 공사개요 공사종류 옹벽 및 절토사면 규모 옹벽 설치공 H 40m L 140m 하상정비 돌깔기 공사 L 170m 공사기간 20179 201710\n3 사고원인 사고현장은 작업구간이 협소한 곳으로서 교통통행구간 확보를 위해 기존 노후 옹벽부의 전도 방지를 위한 바닥판 폭을 확보하지 않고 안정성 확보를 위한 흙막이지보공 설치 등 별도의 보강 시설 없이 노후 옹벽 상부에서 덤프트럭 25t 으로 발파석 자재를 과적하여 반입하던 중 상부 하중의 증가에 따라 노후옹벽이 토사와 함께 붕괴된 것으로 추정
Construction,토목-003 양수장 공사현장 흙막이 띠장 탈락사고 공사명 지구 지표수보강개발사업 사고일시 2019년 11월 5일 화 10 48분경 기상상태 맑음 소재지 충청북도 영동군 사고 종류 붕괴 탈락 구조물 손실 흙막이 띠장 인적피해 사망 1명 안전관리계획서 장비 손실\n사고개요\n3 사고원인 지반 굴착공사는 시공절차에 따라 단계별 조치를 취하며 진행하여야 하나 띠장 H형강 만 설치 하고 계획된 버팀보를 설치하지 않은 상태로 추가 굴착공사를 진행하던 중 주변지반의 토압불 균형에 의해 일부 구간에서 흙막이 변형이 발생하고 해당 위치의 띠장이 탈락됨\n버팀대 및 띠장 등 부재의 배치
Construction,16-008 옹벽 사고현장 조사 공사명 케이컬 정밀신축공사 사고일시 2016년 02월 29일 월 09 21분경 기상상태 흐림 소재지 경남 김해시 생림면 사고 종류 붕괴 구조물 손실 보강토옹벽 인적피해 사망 2명 중상 1명 경상 1명 안전관리계획서 장비 손실\no 규모 보강토옹벽 높이 10m L형 옹벽 높이 3m\n사고원인\no 상부에 설치한 높이 3m의 L형옹벽이 하부 보강토옹벽의 과재하중으로 작용하였을 것으로 추정 16년 1월부터 보강토옹벽 변형으로 계측실시 중이었음\no 뒤채움재의 포설과 다짐작업은 구조물을 변형시키지 않도록 주의해서 시공 하여야하며 전면판에 변형이 생긴 경우에는 즉시 모든 작업을 중단하고 수정 후 재시공하여야 한다\n- 142 -사고현장 위치도 사고 사진 사고현장 붕괴구간의 옹벽 측면
Construction,토목-001 케이블카 지주 전도사고 공사명 호 그린 케이블카 조성공사 현장 사고일시 2017년 8월 11일 금 14 57분경 기상상태 흐림 소재지 충청북도 제천시 사고 종류 넘어짐 전도 구조물 손실 지주 인적피해 사망 2명 부상 3명 안전관리계획서 장비 손실\n말함 그림\n3 사고원인 사고가 발생한 가설 삭도 그림1 참조 는 총 A형 지주 3개와 I형 지주 2개로 구성되어 있으며 각각의 지주들은 전도되지 않도록 주삭 예삭 지삭으로 균형을 맞춰 연결되어 있었으나 사고 당시 하부부재 단위지주 및 바닥플레이트 를 교체하기 위해 주삭 예삭 지삭을 느슨하게 풀어 두고 횡력 좌굴 발생을 방지하기 위한 보강재를 설치하지 않은 상태에서 1명의 작업자가 좌 우측\n붕괴 및 전도 등의 위험성이 큰 중량물을 교체해야 하는 경우에는 반드시 구조검토를 실시하는 등 안전진단을 통해 단계별 위험요인을 명시하고 위험요소별 대책 방안을 강구하여야 한다\n건설사고 사례집사고현장 사고현장 위치도 사고 발생 지점 제3장 현장조사 사례
Construction,건축-001 주차타워 건설현장 데크플레이트 붕괴사고 공사명 동 - 번지 외 2필지 공사현장 사고일시 2017년 1월 11일 수 11 12분경 기상상태 맑음 소재지 부산시 사하구 사고 종류 무너짐 붕괴\n도괴 구조물 손실 슬래브 인적피해 부상 2명 안전관리계획서 장비 손실\n3 사고원인 지붕구조를 설계변경 샌드위치패널 데크플레이트 하면서 구조검토 미시행 및 설계도면 미작성 파이프 서포트 V4 3본을 이어서 사용하여 좌굴 발생 파이프 서포트를 연속적으로 사용할 경우 4개 이상의 볼트 또는 전용 철물을 사용하여야 하나 기준 미준수\n건설사고 사례집사고현장 사고현장 위치도 사고현장 현황 제3장 현장조사 사례
Construction,건축-003 복합개발현장 외벽 작업발판 추락사고 공사명 복합개발사업 신축공사 사고일시 2018년 3월 2일 금 13 50분경 기상상태 흐림 소재지 부산시 해운대구 사고 종류 추락 구조물 손실\n- 인적피해 사망 4명 부상 4명 안전관리계획서 장비 손실 외벽작업발판 SWC 해당 해당없음 수립 대상 여부\n2 사고경위 A동 55층에 설치된 외벽작업발판 Safety Working Cage 이하 SWC 을 이용한 상승작업 중 SWC가 지면으로 추락하여 SWC에서 작업 중이던 근로자 3인과 1층에서 작업 중인 근로자 1인 등 4인 사망과 인근에서 작업 중이던 근로자 4인 부상\n3 사고원인 건축물 외벽에 설치하는 SWC의 고정을 위해 콘크리트 슬래브에 매설되어 있던 클라이밍 콘이 벽체에 매입된 타이로드에서 이탈되면서 SWC가 추락한 것으로 추정됨 클라이밍 콘의 탈락 원인\n재발방지대책 클라이밍 콘과 타이로드의 이탈방지를 위해서는 체결길이를 확보해야 하며 매입되는 자재는 정밀하게 시공된 자재를 사용하여야 한다
Construction,건축-009 물류센터현장 타워크레인 전도사고 공사명 물류 농수산물 종합유통센터 신축공사 사고일시 2017년 12월 9일 토 13 11분경 기상상태 맑음 소재지 경기도 용인시 사고 종류 넘어짐 전도 구조물 손실\n- 인적피해 사망 3명 부상 4명 안전관리계획서 장비손실 타워크레인 해당 해당없음 수립 대상 여부\n2 사고경위 타워크레인 마스트 상승작업 13단 14단 을 위해 턴테이블을 상승하던 중 균형을 잃고 전도 되어 11단 마스트 상부가 좌굴되어 지면으로 추락해 타워기사를 포함한 상승작업 중인 근로자 3명 사망 4명 중상\n3 사고원인 마스트 상승 텔레스코핑 작업을 위한 턴테이블 상승작업 중에는 무게중심을 유지하기 위해 지브의 트롤리를 고정하여야 하나 지면의 작업팀장과 교신 오류로 트롤리가 전방으로 구동되며 균형을 잃고 전도된 것으로 추정\n조립 및 해체순서 작업인원의 구성 및 작업근로자의 역할 범위 등의 작업세부 계획이 수립된 작업계획서를 작성하고 해당 근로자에게 알려 그 계획에 따라 작업을 실시하여야 한다\n건설사고 사례집사고현장 사고현장 위치도 타워크레인 명칭 제3장 현장조사 사례
Construction,건축-003 숙박시설 건설현장 타워크레인 붐대 전도사고 공사명 - 번지 숙박시설 설치공사 사고일시 2017년 6월 15일 목 16 30분경 기상상태 맑음 소재지 부산시 해운대구 사고 종류 넘어짐 전도 구조물 손실\n- 인적피해\n- 안전관리계획서 장비 손실 타워크레인 해당 해당없음 수립 대상 여부\n2 사고경위 무인 타워크레인 설치작업 후 시운전 시 타워크레인의 붐대 Main-Jib 상승제한 문제를 해결 하기 위해 카운터지브 와이어 교체준비 중 붐대를 견인하는 이동식크레인의 슬링벨트가 끊어져 현장내로 붐대가 전도됨\n3 사고원인 이동식크레인을 이용하여 타워크레인 붐대 2t 를 견인하는 과정에 슬링벨트의 안전사용하중 5t 은 준수하였으나 붐대 각부에 적절한 보호대의 미설치 및 기 손상된 슬링벨트를 사용함에 따른 사고로 추정\n기상상태가 불안정하거나 날씨가 몹시 나쁜 경우에는 해당 작업을 중지시켜야 한다
Construction,토목-003 마을 진입로 개선공사현장 장비 전도사고 공사명 마을 진입로 개선공사 사고일시 2017년 8월 30일 수 9 00분경 기상상태 맑음 소재지 전라북도 무주군 사고 종류 넘어짐 전도 구조물 손실\n- 인적피해 사망 1명 안전관리계획서 장비 손실 굴삭기 트럭 해당 해당없음 수립 대상 여부\n3 사고원인 굴삭기의 용도 외 작업 철근다발의 양중 을 수행하던 중 차량방향으로 붐대를 회전하는 과정에 증가된 하중으로 중심을 잃고 전도된 것으로 추정
Construction,15-031 흙막이벽 변형에 따른 지반침하 공사명 - 신축공사 사고일시 2015년 12월 26일 토 04 37분경 기상상태 맑음 소재지 서울시 은평구 녹번동 사고 종류 침하 구조물 손실\n- 인적피해 경상 1명 안전관리계획서 장비 손실\no 해당 빌라를 신축하기 위하여 흙막이 벽체를 설치하고 굴착하는 중 과굴착 및 편토압 등의 원인으로 굴착배면의 기존 건축물이 굴착방향으로 부등 침하가 발생한 사고임\n사고원인\no 굴착 깊이 65m까지 굴착하였음에도 불구하고 3단 지보재를 설치하지 않음\no 편토압 발생에 따른 대처 미흡 편토압 굴착면 높이차 80m 이 발생할 경우 가장 취약한 부분에 대한 보강이 없으며 또한 붕괴된 건축물 측에 시공해야하는 Earth Anchor를 시공하지 않음\no 연암 등의 암반지역과 같이 흙막이 벽 대신 굴착면이 노출되는 경우에는 대책 굴착면의 안정성을 확보할 수 있는 시공계획
Construction,15-016 교 보수공사 중 공중비계 흔들림 및 붕괴로 근로자 추락사고 공사명 군 면 일원 도로정비공사 2차 사고일시 2015년 10월 10일 토 09 30분경 기상상태 비 소재지 경기도 양평군 회현리 사고 종류 추락 구조물 손실\n- 인적피해 부상 4명 안전관리계획서 장비 손실\no 공사종류 도로교량 보수공사\n사고원인\no 비계 설치 불량\no 비계 및 작업 발판은 공사의 종류 규모 장소 등에 따라 적합한 재료 및 방법으로 견고하게 설치하고 유지관리에 주의하여야 한다
Construction,16-011 재개발현장 항타기 전도사고 공사명 지구 주택재개발사업 사고일시 2016년 03월 09일 수 14 20분경 기상상태 흐림 소재지 부산시 남구 대연동 사고 종류 전도 구조물 손실\n- 인적피해 부상 4명 안전관리계획서 장비손실 항타기 해당 해당없음 수립 대상 여부\no 공사장 내 흙막이 가시설 작업을 위한 H-PILE 시공 작업 중 다음파일 사고개요 시공을 위해 장비이동 중 인접도로 방향으로 전도되어 통행 중인 차량 2대 탑승자 총4명 를 충돌하여 탑승자 4명 부상\n사고원인\no 현장 내 흙막이 가시설 작업을 위한 H-PILE시공 작업 중 다음파일 시공을 위해 장비이동 중 지반의 부분 침하로 중심을 잃고 4차선 도로방향으로 전도된 것으로 추정\no 연약한 지반에 설치하는 경우에는 각부 각부 나 가대 가대 의 침하를 방지하기 위하여 깔판\no 각부나 가대가 미끄러질 우려가 있는 경우에는 말뚝 또는 쐐기 등을 대책 사용하여 각부나 가대를 고정시킬 것
Construction,15-018 대 기념관 신축공사 현장 구조물 붕괴 공사명 대학교 기념관 및 주차장 신축공사 사고일시 2015년 11월 06일 금 14 05분경 기상상태 맑음 소재지 부산시 남구 대연동 사고 종류 붕괴 구조물 손실 슬래브 인적피해 중상 3명 경상 3명 안전관리계획서 장비 손실\n사고원인\no 시스템동바리는 재사용 자재가 현장에서 많이 사용되므로 가설공사표준 시방서의 동바리 설계 일반사항 에서 규정한 바에 따라 재사용자재의 성능저하를 반드시 고려
Construction,16-005 신축공사장 흙막이가시설 붕괴사고 공사명 빌딩 신축현장 사고일시 2016년 02월 05일 월 07 59분경 기상상태 맑음 소재지 대구시 중구 삼덕동 사고 종류 붕괴 구조물 손실\n- 인적피해 인명피해 없음 안전관리계획서 장비 손실\n사고원인\no 널말뚝 엄지말뚝 흙막이 앵커 띠장 버팀보 등의 부재 재질 배치 치수 설치시기 시공 순서 시공법 장비계획 지장물 철거계획 가배수로 및 안전시설 설치계획 등
Construction,15-017 3공구 관리동 콘크리트 타설 중 붕괴사고 공사명 3공구 건설공사 사고일시 2015년 10월 12일 월 12 05분경 기상상태 맑음 소재지 전북 군산시 옥서면 사고 종류 붕괴 구조물 손상 데크슬래브 인적피해 사망 1명 부상 3명 안전관리계획서 장비 손실\n- 해당 해당없음 수립 대상 여부\n사고원인\no 시공사는 지하 철골공사 시공계획서 및 용접계획서 작성시 용접설계기준을 반영한 용접방법 및 절차 작업순서 등의 현장용접의 기본적인 시공계획을 면밀히 수립하여야 한다\no 항상 용접열의 분포가 균등하도록 조치하고 일시에 다량의 열이 한 곳에 집중되지 않도록 해야 한다
Construction,토목-002 하수관 공사현장 토사 붕괴사고 공사명 개인 하수 우수 관로 신설 사고일시 2018년 12월 5일 수 11 57분경 기상상태 맑음 소재지 경기도 파주시 사고 종류 무너짐 붕괴\n도괴 구조물 손실\n- 인적피해 사망 2명 안전관리계획서 장비 손실\n3 사고원인 배수로 흄관 직경 300 의 매설을 위한 굴착 공사 중 안식각 미확보 및 안전시설 미설치 등의 복합적인 원인으로 인해 굴착면 붕락이 발생한 것으로 추정\n일반적인 토사지반에서는 흙막이 지보공을 설치하지 않는 상태로 굴착 깊이를 15m 이상 실시 해서는 안된다
Construction,건축-006 공동주택 신축현장 방호선반위 작업 중 추락사고 공사명 지구 B8블록 공동주택 신축공사 사고일시 2019년 6월 6일 목 16 10분경 기상상태 맑음 소재지 부산시 기장군 사고 종류 추락 구조물 손실\n- 인적피해 사망 2명 안전관리계획서 장비 손실\n2 사고경위 805동 1 2호 세대 1층 엘리베이터 E V 홀 방호선반 위에서 작업인부 2명이 청소작업을 하던 중 방호선반이 붕괴되면서 1층에서 지하2층으로 추락\n3 사고원인 E V홀에 설치된 방호선반은 상부에서 작업시 떨어지는 낙하물을 차단하는 용도로 제작되었으며 작업인부는 출입이 불가한 가설구조물임 방호선반을 지지하는 하부목재의 고정용 콘크리트 못이 작업자 2명의 하중을 견디지 못하고 빠지면서 방호선반과 작업자가 동시에 추락하여 사망한 것으로 추정\n재발방지대책 사업주는 작업으로 인하여 물체가 떨어지거나 날아올 위험이 있는 경우 낙하물 방지망 수직 보호망 또는 방호선반의 설치 출입금지구역의 설정 보호구의 착용 등 위험을 방지하기 위하여 필요한 조치를 하여야 한다
Construction,건축-013 오피스텔 공사현장 타워크레인 전도사고 공사명 온천 오피스텔 신축공사 사고일시 2019년 11월 30일 토 08 50분경 기상상태 맑음 소재지 부산시 동래구 사고 종류 넘어짐 전도 인근 상가 창호 1 3F 유리 및 구조물 손실 인적피해\n- 벽체 파손 화물차 1대 및 도로 파손 안전관리계획서 장비 손실 크레인 턴테이블 파단 해당 해당없음 수립 대상 여부\n2 사고경위 지상1층 상가에서 사용할 시스템서포트 자재 인양작업을 위해 무인타워크레인 운영하던 중 전도 붐대 회전 중 상부 약 30m 구간 전도 맞은 편 상가건물 1층 3층 유리 및 외부창호 벽체 파손 및 화물차 1대 도로 파손\n3 사고원인 자재 인양을 위해 무인타워크레인을 운영하던 중 와이어 파단에 의한 반동으로 충격이 가해져 턴테이블의 볼트파손 및 지브 JIB 가 추락한 것으로 추정 추락한 지브 JIB 에 의해 상가건물 외벽 및 유리창이 파손되었고 이어 턴테이블이 추락하며 트럭 및 도로 파손 등 2차사고 발생 와이어 로프 파단 및 후크에 슬링벨트가 체결된 것으로 보아 실제 양중작업이 진행되었으며 사용된 로프의 노후 또는 정격 하중을 상회하는 중량물 인양에 따른 파단사고로 추정됨
Construction,토목-001 지하철 건설현장 쉴드TBM 진원유지장치 전도사고 공사명 지하철 호선 공구 건설공사 사고일시 2017년 5월 22일 월 18 47분경 기상상태 맑음 소재지 서울시 송파구 사고 종류 넘어짐 전도 구조물 손상\n- 인적피해 사망 2명 안전관리계획서 장비 손실\n3 사고원인 진원유지장치 상부 미고정 쉴드장비 해체 시 세그먼트 조립장치 이렉터 와 진원유지장치 상부를 용접으로 견고하게 고정하여야 하나 미고정 상태에서 장비를 조작하여 진원유지장치가 운전자 방향으로 전도된 것으로 추정 진원유지장치 하부 지지대 임의해체 진원유지장치의 하부 지지대는 수직도를 유지하기 위한 목적으로 상\n하부에 4개의 지지대 틸트프로텍션 사고모식도 참조 가 설치되어 있어야 하나 지 지대를 임의 해체함으로써 진원유지장치의 수직도를 유지하지 못해 전도된 것으로 추정 미승인 작업 임의시행 및 작업계획 미준수 사고당일 승인되지 아니한 진원유지장치 해체 작업을 임의로 실시한 것으로 확인되며 관련 작업계획에 따른 작업순서를 준수하지 않고 틸트 프로 텍션을 선 해체한 것으로 추정\n건설사고 사례집TBM 장비 운전원에게 비상시를 포함한 작업 임무에 대한 교육계획을 수립하여 원활한 시공과 안전이 확보될 수 있도록 하며 장비의 원활한 작동 여부를 확인하기 위한 시운전 계획을 수립 하여야 한다
Construction,15-023 도시형 생활주택 신축공사 중 이동식크레인 전도사고 공사명 도시형생활주택 신축공사 사고일시 2015년 11월 21일 토 11 00분경 기상상태 맑음 소재지 서울시 중랑구 면목동 사고 종류 전도 구조물 손실\n- 인적피해\n- 안전관리계획서 장비 손실 이동식 크레인 해당 해당없음 수립 대상 여부\no 도시생활형 신축공사장에서 기초바닥 공사 후 1층 기둥 철근작업을 위해 사고개요 이동식크레인 14톤 으로 자재를 운반하던 중 운전석 뒤쪽 아웃트리거 위치의 연약지반이 침하되면서 크레인이 전복되어 인접 다가구 주택 2곳이 일부 파손되었으며 인근 거주주민 1명이 놀라 쓰러져 병원으로 이송 인명 피해는 없음\n사고원인\no 각부나 가대가 미끄러질 우려가 있는 경우에는 말뚝 또는 쐐기 등을 사용 대책 하여 각부나 가대를 고정시킬 것
Construction,산업단지 공장사옥 신축공사 사고일시 2019년 4월 16일 화 10 01분경 기상상태 맑음 소재지 경기도 화성시 사고 종류 붕괴 구조물 손실 데크플레이트 인적피해 부상 2명 안전관리계획서 장비 손실\n3 사고원인 외측 방수턱 난간 과 슬래브를 동시에 타설하면서 콘크리트 하중이 집중되어 데크플레이트의 지지하중을 초과하여 발생한 붕괴사고임\n콘크리트 타설 작업시에는 거푸집 등의 붕괴 위험이 발생할 우려가 있는 경우에는 충분한 보강 조치를 실시한 후 작업을 시작하여야 한다
Construction,플랜트-001 공장 신축현장 보 및 데크플레이트 붕괴사고 공사명 기업도시 건기식공장 신축공사 사고일시 2019년 4월 19일 금 10 33분경 기상상태 맑음 소재지 강원도 원주시 사고 종류 무너짐 붕괴\n도괴 구조물 손실 데크플레이트 인적피해 부상 6명 안전관리계획서 장비 손실\n3 사고원인 건축물 배면의 옹벽과 보 G11 부재와의 연결을 위해 스터드볼트\n19 와 베이스 플레이트 철 재 를 용접하여 옹벽시공 시 콘크리트내 매립함 베이스플레이트와 보를 연결한 상태에서 콘크리트 타설 중 하중증가에 따른 스터드 볼트와 베 이스플레이트간의 용접불량으로 전단력이 부족하여 용접부위가 파단되면서 보와 데크플레이트 붕괴사고가 발생한 것으로 추정\n건설사고 사례집사고현장 사고현장 위치도 사고현장 원경 및 앵커볼트 절단현황 제3장 현장조사 사례
Construction,15-027 동 주상복합 신축공사 타워크레인 전도사고 공사명 동 주상복합 신축공사 사고일시 2015년 12월 07일 월 09 45분경 기상상태 맑음 소재지 인천시 부평구 부평동 사고 종류 전도 구조물 손실\n- 안전관리계획서 장비손실 타워크레인 해당 해당없음 수립 대상 여부\no 타워크레인 마스터 상승작업 높이연장 을 위해 마스트턴테이블 Jib 붐 회전 장치 과 연결된 타워크레인 L형 29T 의 마스터 상승작업 중 상부의 사고개요 턴데이블을 포함한 메인지브 등이 전도되어 8층 슬래브에 붕괴됨\n사고원인\n- 96 -사고현장 사고현장 위치도 사고 사진 사고현장 전경
Construction,건축-007 항타기 와이어로프 파단사고 공사명 식품 통합생산기지 신축공사 사고일시 2017년 9월 1일 금 16 10분경 기상상태 맑음 소재지 충청북도 진천군 사고 종류 파열 파단 구조물 손실\n- 인적피해 사망 1명 안전관리계획서 장비 손실\n2 사고경위 기초공사를 위해 파일을 삽입한 후 항타작업을 위해 파일 두부를 정리하던 중 와이어 로프가 파단되어 해머가 낙하하면서 파일 두부를 정리하던 작업자 1명을 타격하여 사망\n3 사고원인 반복되는 파일 항타작업으로 인해 와이어 로프의 가장 취약한 부위인 도르레 주변에서의 와이어 로프가 파단된 것으로 추정\n항타기의 권상용 와이어로프에서 추
Construction,토목-004 일반산업단지 조성공사현장 보강압성토옹벽 설치 절취면 붕괴사고 공사명 일반산업단지 2차 조성공사 사고일시 2018년 5월 27일 일 10 30분경 기상상태 맑음 소재지 경상남도 창원시 사고 종류 무너짐 붕괴\n도괴 구조물 손실\n- 인적피해 사망 1명 부상 2명 안전관리계획서 장비 손실\n2 사고경위 산업단지 37번 구획 보강 압성토 옹벽 설치구간의 최상단 토사 절취면 2 3m 의 붕괴로 작업 인부 사망 1명 부상 2명 발생\n3 사고원인 사고가 발생한 절취부의 경우 풍화토 사면임에도 불구하고 보강 압성토 옹벽 설치를 위해 절취면 경사를 90\n로 시공함으로써 불안정한 절취부 상단부에서의 인장력 발생으로 절취면 일부가 국부적으로 붕괴됨 추정
Construction,16-014 근린생활 신축공사 슬라브 붕괴사고 공사명 근린생활 신축공사 센트럴파크 사고일시 2016년 05월 12일 목 14 30분경 기상상태 맑음 소재지 경기도 하남시 미사지구 사고 종류 붕괴 구조물 손실 슬래브 인적피해 경상 5명 안전관리계획서 장비 손실\n사고원인\no 합벽부 상단 Wall Girder WG 는 건물\no 거푸집 및 동바리의 각 단위 공정별 안전시공 절차 및 주의사항 거푸집 동바리 조립 해체계획 콘크리트 타설계획을 고려한다
Construction,2015년 사고사례 15-001\n지구 배수개선사업 차수벽체 전도사고 공사명 지구 배수개선사업 사고일시 2015년 01월 26일 월 09 00분경 기상상태 흐림 소재지 전남 순천시 대대동 사고 종류 전도 구조물 손실 프리캐스트 차수벽체 인적피해 사망 1명 안전관리계획서 장비 손실\n- 해당 해당없음 수립 대상 여부\n사고원인
Construction,15-002 종합체육관 신축공사 지붕 붕괴사고 공사명 종합체육관 신축공사 사고일시 2015년 02월 11일 수 16 53분경 기상상태 흐림 소재지 서울시 동작구 사당3동 사고 종류 붕괴 구조물 손실 슬래브 인적피해 중상 3명 경상 8명 안전관리계획서 장비 손실\n사고원인\no 거푸집 지지대 시스템 동바리 의 가새 설치가 미흡한 상태에서 콘크리트 타설에 따른 시공 하중을 견디지 못해 붕괴된 것으로 추정
Construction,15-009 비축창고 신축 중 붕괴 공사명 비축창고 신축공사 사고일시 2015년 05월 31일 일 10 50분경 기상상태 맑음 소재지 인천시 중구 신흥동3가 사고 종류 붕괴 구조물 손상 철골구조 PEB 인적피해 사망 1명 중상 2명 경상 3명 안전관리계획서 장비 손실 카고크레인 등 다수 해당 해당없음 수립 대상 여부\n사고경위\n사고원인\no PEB공사가 특수구조 건축물공사임에도 불구하고 PEB공사 시공경험과 전문지식이 부족한 현장소장과 감리자가 배치\no PEB기둥 및 지붕보 설치시 중도리와 벽면 지붕 가새 및 당김줄의 설치를 통해 구조적 안전성을 확보해야 하나 가새를 설치하지 않은 상태에서 당김줄을 해제\no PEB 공사 등 특수구조 공사의 설계도서는 공사 순서 공사 중 주의사항 등을 명확하게 기술하여야 함\n설계 측면의 사고원인\n공사관리 측면의 사고원인\no PEB공사가 특수구조 건축물공사임에도 불구하고 PEB 시공경험과 전문 지식이 부족한 현장소장 감리자가 배치되어 기술적 공사관리 미흡\no 작업자 안전교육 신규 작업자 크레인기사 등 안전교육 기계장비 신호수 미배치 등 안전관리 미흡\n시공 측면의 사고원인\n구조적 측면의 사고원인\no 벽면가새 미 설치시 거동 시공시 2개 골조 기둥과 지붕보 가 완성되면 벽면가새와 지붕가새를 설치하여야 하나 당 건물은 전체 18개 골조가 사고원인 완성 될 때까지 벽면가새와 지붕가새를 설치하지 않아 수평방향으로 분석 횡지지요소가 전혀 없어 불안정한 구조였으며 작은 횡력 제작 및 설치 오차 작업하중 풍하중 횡비틀림 등 에 의해서도 쉽게 전도될 수 있음\no 전체 PEB 건축물의 붕괴 발생 과정 시공 편의만을 위하여 지붕 및 벽면 가새를 설치하지 않았고 작업에 방해가 된다고 당김줄을 사전에 제거하고 각 부위의 볼트들을 규정대로 조이지 않은 상태에서 기둥 아래에 그라우팅을 하기 위하여 쐐기를 제거하여 X2 Y6 기둥에 아래로 변위가 발생하고 동쪽으로 기울음이 발생하여 지붕보 X2 Y2-X2 Y6 중 긴쪽에 횡좌굴이 발생하여 붕괴되어 전체 PEB 건축물 붕괴를 초래한 것으로 추정\no 쓰러짐을 방지하기 위하여 설치되어 있던 당김줄이 작업에 방해된다고 제거\n- 44 -사고현장 위치도 중도리 시공 중 횡변위 발생 원인미상 사고 사진 붕괴 원인 개념도 추정\n- 45 -일부부재 전도에 의한 연쇄붕괴 발생 사고 사진 붕괴 원인 개념도 추정 사고 사진 사고현장
Construction,토목-004 교량 확장공사현장 천공기 전도사고 공사명 교- 교 도로확장공사 사고일시 2019년 5월 15일 수 16 30분경 기상상태 맑음 소재지 서울시 구로구 사고 종류 넘어짐 전도 구조물 손실 교량 일부 상부 난간 및 보도 인적피해\n- 안전관리계획서 장비 손실\n3 사고원인 지반보강 PRD공법 을 위해 천공기로 강관을 정해진 위치에 고정하려고 이동하던 중 운전자 조작미숙 급브레이크 등 으로 인해 리더부가 과도하게 흔들리면서 리더부를 지지하는 백 스테 이지가 한계를 벗어나 장비의 일부가 전도된 것으로 추정\n207사고현장 전경 사고당시 천공기 상태 208
